PassengerId,Survived,Pclass,Title,Sex,Age,SibSp,Parch,Fare,Embarked,CabinKnown,Fare_capped,Age_norm,Age_z,Fare_capped_norm,Fare_capped_z,Sex_encoded,Embarked_C,Embarked_Q,Embarked_S
1,1,2,Miss,female,32.5,1,0,34.9008,S,0,34.9008,0.435549525101764,0.2251336038774555,0.46825326567444014,0.38936731267959346,1,0,0,1
2,1,3,Mrs,female,27.6,0,0,6.0646,S,0,6.0646,0.36906377204884677,-0.17124135374673372,0.07703101326552521,-0.8457574667675863,1,0,0,1
3,0,3,Mr,male,17.0,0,0,8.763,S,0,8.763,0.2252374491180462,-1.0287055477908986,0.11364034895816905,-0.7301784131870082,0,0,0,1
4,0,3,Mrs,female,9.2,0,0,4.9657,S,0,4.9657,0.11940298507462686,-1.6596697660498123,0.06212217877373513,-0.8928260340592027,1,0,0,1
5,0,1,Mr,male,4.4,0,0,40.4001,S,0,40.4001,0.0542740841248304,-2.0479554388245282,0.5428625599875726,0.6249157448452007,0,0,0,1
6,0,1,Mr,male,31.4,1,0,108.7792,S,0,74.094775,0.42062415196743563,0.13615147053324964,1.0,2.0681408586923586,0,0,0,1
7,1,1,Miss,female,7.6,0,0,107.1949,Q,1,74.094775,0.09769335142469471,-1.789098323641384,1.0,2.0681408586923586,1,0,1,0
8,0,3,Mr,male,13.3,0,1,18.3609,S,1,18.3609,0.17503392130257805,-1.3280090872214088,0.2438555665109508,-0.3190769462580755,0,0,0,1
9,0,3,Mr,male,29.75,0,1,8.6752,S,0,8.6752,0.3982360922659431,0.0026782705169410845,0.11244916170875675,-0.7339391013371619,0,0,0,1
10,0,3,Mr,male,0.4,8,0,12.6617,Q,0,12.6617,0.0,-2.3715268328034584,0.16653421831219756,-0.5631875829933377,0,0,1,0
11,0,1,Mr,male,41.0,0,0,72.3543,C,1,72.3543,0.5508819538670287,0.9127228160826819,0.976386883508874,1.993592069305812,0,1,0,0
12,0,3,Mr,male,0.4,2,0,29.3065,S,0,29.3065,0.0,-2.3715268328034584,0.39235510133062257,0.14974979880254463,0,0,0,1
13,0,3,Mr,male,28.6,0,0,7.907,S,0,7.907,0.38263229308005436,-0.0903485052520012,0.10202695162904692,-0.7668429810290535,0,0,0,1
14,0,1,Master,male,29.9,0,1,43.969,C,0,43.969,0.4002713704206242,0.014812197791150847,0.5912820152771799,0.7777804366343075,0,1,0,0
15,1,1,Miss,female,37.5,0,0,49.4845,S,0,49.4845,0.503392130257802,0.6295978463511182,0.6661110958481764,1.0140227543128129,1,0,0,1
16,1,1,Miss,female,29.1,0,0,144.7247,S,0,74.094775,0.3894165535956582,-0.04990208100463494,1.0,2.0681408586923586,1,0,0,1
17,0,2,Master,male,59.0,0,1,30.2033,C,0,30.2033,0.7951153324287654,2.368794088987867,0.40452203442029167,0.18816193015855653,0,1,0,0
18,0,3,Master,male,32.8,0,1,3.8466,S,0,3.8466,0.43962008141112624,0.24940145842587502,0.04693928981226251,-0.940759816619989,0,0,0,1
19,1,2,Master,male,45.0,2,0,5.5201,S,0,5.5201,0.605156037991859,1.2362942100616119,0.06964375293175534,-0.869079729840009,0,0,0,1
20,0,2,Mr,male,19.2,1,0,23.4424,S,0,23.4424,0.2550881953867029,-0.850741281102487,0.3127965460996588,-0.10142390713499948,0,0,0,1
21,0,3,Mr,male,29.75,1,0,11.057,S,0,11.057,0.3982360922659431,0.0026782705169410845,0.14476316843597997,-0.6319207979654523,0,0,0,1
22,0,1,Mr,male,52.1,0,0,11.4719,C,1,11.4719,0.701492537313433,1.810633434374213,0.150392138706836,-0.614149618996218,0,1,0,0
23,0,2,Mr,male,26.3,0,2,5.8678,S,0,5.8678,0.35142469470827686,-0.27640205678988605,0.07436101724406348,-0.8541868907761315,0,0,0,1
24,0,2,Master,male,32.5,0,1,17.3389,C,0,17.3389,0.435549525101764,0.2251336038774555,0.22999003839136806,-0.3628516989853773,0,1,0,0
25,0,3,Mr,male,29.75,1,1,52.0255,S,0,52.0255,0.3982360922659431,0.0026782705169410845,0.7005849774057692,1.122859981984118,0,0,0,1
26,0,3,Mr,male,18.9,2,0,18.1596,S,0,18.1596,0.2510176390773406,-0.8750091356509069,0.24112451875119345,-0.3276991162424256,0,0,0,1
27,1,1,Mrs,female,0.4,0,1,32.3168,S,0,32.3168,0.0,-2.3715268328034584,0.43319600083980053,0.2786882901283729,1,0,0,1
28,1,3,Mrs,female,30.2,0,0,28.8381,S,0,28.8381,0.4043419267299865,0.03908005233957066,0.3860002937266964,0.12968708434318252,1,0,0,1
29,0,3,Mr,male,44.0,0,0,4.6921,Q,0,4.6921,0.5915875169606514,1.1554013615668794,0.058410233085361515,-0.9045449893881556,0,0,1,0
30,1,1,Miss,female,10.1,0,0,44.1439,S,0,44.1439,0.13161465400271372,-1.5868662024045528,0.5936548928389364,0.7852718302272675,1,0,0,1
31,0,3,Master,male,39.4,0,0,28.2594,S,0,28.2594,0.5291723202170964,0.7832942584911098,0.3781490401818799,0.10489995185464086,0,0,0,1
32,1,1,Miss,female,39.5,0,0,28.654,S,0,28.654,0.5305291723202172,0.7913835433405831,0.38350259927775787,0.12180163231079869,1,0,0,1
33,1,1,Mrs,female,31.2,1,0,192.9139,C,0,74.094775,0.4179104477611941,0.11997290083430318,1.0,2.0681408586923586,1,1,0,0
34,1,3,Mr,male,16.1,0,0,1.2995,S,0,1.2995,0.21302578018995935,-1.1015091114361577,0.012382649231646914,-1.0498583221696076,0,0,0,1
35,0,3,Mr,male,29.75,0,0,15.9641,S,0,15.9641,0.3982360922659431,0.0026782705169410845,0.21133805398940889,-0.4217377362158023,0,0,0,1
36,0,3,Mr,male,27.1,8,0,13.5194,S,0,13.5194,0.36227951153324295,-0.21168777799409996,0.17817067963134245,-0.5264502000048772,0,0,0,1
37,0,2,Dr,male,18.9,0,0,34.1185,S,0,34.1185,0.2510176390773406,-0.8750091356509069,0.45763976014807073,0.3558594955968458,0,0,0,1
38,0,1,Mr,male,18.1,0,0,80.3085,S,0,74.094775,0.24016282225237456,-0.9397234144466926,1.0,2.0681408586923586,0,0,0,1
39,0,3,Mr,male,29.75,0,1,13.7975,S,0,13.7975,0.3982360922659431,0.0026782705169410845,0.1819436770580117,-0.5145384987001193,0,0,0,1
40,0,2,Mr,male,28.1,0,0,10.1847,C,0,10.1847,0.3758480325644506,-0.13079492949936747,0.13292862814369816,-0.6692835345643029,0,1,0,0
41,1,1,Mrs,female,19.6,0,0,58.4538,S,0,58.4538,0.260515603799186,-0.8183841417045938,0.7877980639137081,1.3981997500437207,1,0,0,1
42,0,3,Mrs,female,29.1,1,0,29.41,S,0,29.41,0.3894165535956582,-0.04990208100463494,0.39375929131142184,0.15418295624606299,1,0,0,1
43,0,1,Mr,male,37.5,0,1,96.5515,S,0,74.094775,0.503392130257802,0.6295978463511182,1.0,2.0681408586923586,0,0,0,1
44,0,3,Mr,male,30.4,0,0,17.799,S,1,17.799,0.40705563093622804,0.055258622038517106,0.2362322394557712,-0.3431444937702779,0,0,0,1
45,0,2,Mr,male,26.7,0,0,20.9813,C,1,20.9813,0.3568521031207599,-0.24404491739199316,0.27940667207313724,-0.20683882292478636,0,1,0,0
46,1,3,Mr,male,20.3,0,0,10.0809,S,0,10.0809,0.27001356852103126,-0.7617591477582811,0.13152036804701256,-0.6737295417395416,0,0,0,1
47,0,2,Miss,female,20.1,1,0,3.0024,S,0,3.0024,0.26729986431478975,-0.7779377174572276,0.03548598370800446,-0.976918961681034,1,0,0,1
48,0,3,Mr,male,29.75,1,0,26.0722,S,0,26.0722,0.3982360922659431,0.0026782705169410845,0.3484751819596183,0.011216841125527004,0,0,0,1
49,1,3,Mr,male,34.6,0,0,19.0672,S,0,19.0672,0.4640434192673,0.3950085857163939,0.253437976012772,-0.2888243945444814,0,0,0,1
50,0,1,Mr,male,15.3,1,0,73.4997,S,0,73.4997,0.20217096336499324,-1.1662233902319437,0.9919265859630523,2.0426523450140817,0,0,0,1
51,0,3,Mr,male,35.4,0,0,5.8385,S,0,5.8385,0.474898236092266,0.4597228645121797,0.07396350259249422,-0.8554418812408183,0,0,0,1
52,0,3,Miss,female,50.2,5,0,20.164,S,1,20.164,0.6757123473541385,1.6569370222342212,0.26831831969335745,-0.2418457753749074,1,0,0,1
53,0,3,Dr,female,30.2,0,0,5.4515,C,0,5.4515,0.4043419267299865,0.03908005233957066,0.06871305309907103,-0.8720180351600608,1,1,0,0
54,0,3,Mr,male,24.3,5,0,18.0652,S,0,18.0652,0.3242876526458617,-0.4381877537793511,0.23984378895228092,-0.33174249849042686,0,0,0,1
55,0,3,Mr,male,29.75,1,0,7.043,S,0,7.043,0.3982360922659431,0.0026782705169410845,0.09030501787628814,-0.8038502083836413,0,0,0,1
56,0,3,Mr,male,29.75,0,0,14.6197,C,0,14.6197,0.3982360922659431,0.0026782705169410845,0.19309850799726894,-0.47932166729856596,0,1,0,0
57,0,1,Mrs,female,12.7,0,0,169.1122,S,1,74.094775,0.16689280868385348,-1.3765447963182484,1.0,2.0681408586923586,1,0,0,1
58,1,1,Miss,female,31.2,8,0,79.7334,S,1,74.094775,0.4179104477611941,0.11997290083430318,1.0,2.0681408586923586,1,0,0,1
59,0,1,Dr,male,39.0,1,1,103.1378,S,1,74.094775,0.5237449118046134,0.7509371190932169,1.0,2.0681408586923586,0,0,0,1
60,0,2,Mr,male,30.05,0,2,55.1086,S,0,55.1086,0.4023066485753054,0.0269461250653609,0.7424135583700406,1.2549166748740828,0,0,0,1
61,1,2,Mrs,female,25.9,1,0,23.0977,S,0,23.0977,0.3459972862957938,-0.30875919618777925,0.3081199829462144,-0.11618824888167353,1,0,0,1
62,0,2,Mr,male,3.1,0,0,8.03,S,0,8.03,0.03663500678426052,-2.1531161418676805,0.10369569914246049,-0.7615745910237129,0,0,0,1
63,0,3,Miss,female,34.5,0,0,18.4777,C,0,18.4777,0.4626865671641792,0.38691930086692056,0.24544019829604594,-0.31407411737495533,1,1,0,0
64,0,2,Mr,male,38.7,0,1,13.8686,S,0,13.8686,0.5196743554952512,0.7266692645447973,0.1829082945230825,-0.5114931122823979,0,0,0,1
65,0,2,Mr,male,13.9,0,0,48.0911,S,0,48.0911,0.1831750339213026,-1.2794733781245693,0.647206764261262,0.9543400337157265,0,0,0,1
66,0,3,Mr,male,27.4,1,0,8.8784,S,0,8.8784,0.3663500678426052,-0.18741992344568045,0.1152059868691278,-0.725235549718583,0,0,0,1
67,1,1,Mr,male,30.2,0,1,55.044,S,0,55.044,0.4043419267299865,0.03908005233957066,0.7415371267491746,1.252149699310302,0,0,0,1
68,0,3,Mr,male,38.2,1,0,16.5257,S,0,16.5257,0.5128900949796473,0.6862228402974311,0.21895731092870208,-0.3976830384353202,0,0,0,1
69,1,1,Miss,female,29.8,0,1,88.3372,S,0,74.094775,0.39891451831750346,0.006722912941677768,1.0,2.0681408586923586,1,0,0,1
70,0,3,Mr,male,6.1,0,0,18.291,S,0,18.291,0.07734056987788332,-1.9104375963834828,0.2429072295094255,-0.3220709337489154,0,0,0,1
71,0,3,Mr,male,22.0,0,0,8.2136,C,0,8.2136,0.2930800542740842,-0.6242413053172359,0.10618661006492172,-0.753710555210863,0,1,0,0
72,1,1,Mr,male,33.0,0,1,512.33,S,0,74.094775,0.4423337856173678,0.2655800281248218,1.0,2.0681408586923586,0,0,0,1
73,1,1,Mr,male,41.9,0,0,15.5843,S,0,15.5843,0.5630936227951154,0.9855263797279411,0.20618528727725868,-0.4380054965737565,0,0,0,1
74,0,3,Mr,male,20.7,0,0,7.5071,C,0,7.5071,0.2754409769335143,-0.7294020083603883,0.09660148715250962,-0.7839716734122706,0,1,0,0
75,0,3,Mr,male,61.4,0,0,17.7031,S,1,17.7031,0.8276797829036636,2.562936925375225,0.2349311590774268,-0.3472521246768809,0,0,0,1
76,1,3,Miss,female,2.2,0,2,1.9429,C,0,1.9429,0.024423337856173684,-2.22591970551294,0.021111691102624917,-1.0222999308733784,1,1,0,0
77,0,3,Mr,male,21.5,0,0,15.9771,C,0,15.9771,0.2862957937584804,-0.6646877295646022,0.21151442567781845,-0.4211809145079208,0,1,0,0
78,1,1,Mr,male,28.5,0,0,87.0151,S,0,74.094775,0.3812754409769336,-0.09843779010147456,1.0,2.0681408586923586,0,0,0,1
79,0,2,Mr,male,26.8,1,0,9.8442,Q,1,9.8442,0.3582089552238807,-0.23595563254251978,0.128309046612663,-0.6838679800668921,0,0,1,0
80,1,1,Mrs,female,31.2,1,0,98.3637,S,0,74.094775,0.4179104477611941,0.11997290083430318,1.0,2.0681408586923586,1,0,0,1
81,1,3,Mrs,female,36.2,0,0,6.8483,S,0,6.8483,0.48575305291723214,0.5244371433079661,0.08766351266603105,-0.8121896842701439,1,0,0,1
82,1,3,Miss,female,35.1,0,0,19.1875,C,0,19.1875,0.4708276797829038,0.4354550099637602,0.2550700924832082,-0.2836716521246238,1,1,0,0
83,1,2,Mr,male,30.4,0,0,22.494,S,0,22.494,0.40705563093622804,0.055258622038517106,0.2999295530775333,-0.14204619234691038,0,0,0,1
84,1,1,Mr,male,34.5,3,2,136.9507,S,0,74.094775,0.4626865671641792,0.38691930086692056,1.0,2.0681408586923586,0,0,0,1
85,0,2,Mr,male,23.6,0,0,63.6102,S,0,63.6102,0.31478968792401635,-0.4948127477256638,0.8577552157687143,1.6190609388529753,0,0,0,1
86,0,2,Mr,male,6.2,0,0,22.7202,C,1,22.7202,0.07869742198100409,-1.9023483115340099,0.30299842045585973,-0.13235749462977184,0,1,0,0
87,0,3,Mr,male,19.3,0,0,24.3258,C,1,24.3258,0.25644504748982366,-0.8426519962530137,0.32478168067973645,-0.06358573046249613,0,1,0,0
88,0,3,Mr,male,32.0,0,0,4.2155,S,0,4.2155,0.4287652645861602,0.18468717963008924,0.051944175647207776,-0.9249589298478739,0,0,0,1
89,0,3,Mr,male,32.1,0,2,17.6775,Q,0,17.6775,0.43012211668928096,0.19277646447956262,0.2345838425217895,-0.34834863511701686,0,0,1,0
90,0,3,Mr,male,30.3,1,0,1.1318,S,0,1.1318,0.4056987788331073,0.04716933718904403,0.010107454451163525,-1.0570413222012793,0,0,0,1
91,1,1,Miss,female,37.7,0,0,113.7169,S,1,74.094775,0.5061058344640436,0.6457764160500649,1.0,2.0681408586923586,1,0,0,1
92,0,3,Mr,male,21.3,0,0,4.2774,S,0,4.2774,0.2835820895522389,-0.6808662992635486,0.0527839762250964,-0.9223076018695764,0,0,0,1
93,0,3,Mr,male,30.1,0,0,20.3174,C,1,20.3174,0.4029850746268658,0.03099076749009758,0.2703995056165903,-0.23527527922190544,0,1,0,0
94,1,3,Miss,female,30.2,0,0,25.9899,S,0,25.9899,0.4043419267299865,0.03908005233957066,0.3473586135014562,0.007691731390246246,1,0,0,1
95,0,3,Dr,male,28.5,1,0,17.5418,S,0,17.5418,0.3812754409769336,-0.09843779010147456,0.23274279343585272,-0.35416099709851867,0,0,0,1
96,1,3,Miss,female,30.2,0,0,1.945,C,1,1.945,0.4043419267299865,0.03908005233957066,0.02114018191382954,-1.0222099827513362,1,1,0,0
97,0,3,Mr,male,15.8,1,0,8.3268,Q,0,8.3268,0.20895522388059706,-1.1257769659845775,0.1077224004593804,-0.7488619231083868,0,0,1,0
98,0,2,Mr,male,41.7,0,0,60.4539,S,0,60.4539,0.5603799185888739,0.969347810028995,0.8149335265281673,1.4838689114232468,0,0,0,1
99,1,1,Miss,female,49.9,0,0,105.3139,S,0,74.094775,0.6716417910447762,1.6326691676858012,1.0,2.0681408586923586,1,0,0,1
100,1,1,Miss,female,46.7,3,3,120.3863,Q,0,74.094775,0.6282225237449119,1.3738120525026576,1.0,2.0681408586923586,1,0,1,0
101,1,1,Miss,female,33.1,0,0,29.2121,C,0,29.2121,0.44369063772048856,0.27366931297429514,0.39107437153171004,0.14570641655454336,1,1,0,0
102,0,3,Mr,male,12.3,1,0,5.5758,S,0,5.5758,0.16146540027137046,-1.4089019357161412,0.07039943778132556,-0.866693962983932,0,0,0,1
103,0,2,Mr,male,29.6,0,0,15.0498,C,0,15.0498,0.39620081411126196,-0.009455656757268678,0.19893369747303463,-0.4608994352555009,0,1,0,0
104,0,3,Mr,male,52.4,1,0,22.343,C,1,22.343,0.7055630936227952,1.8349012889226326,0.29788092808139144,-0.14851389064614964,0,1,0,0
105,0,3,Mr,male,38.7,0,0,5.995,Q,1,5.995,0.5196743554952512,0.7266692645447973,0.0760867463798863,-0.848738604526706,0,0,1,0
106,1,2,Mrs,female,26.7,0,2,57.2347,C,0,57.2347,0.3568521031207599,-0.24404491739199316,0.7712584696567772,1.3459827235761532,1,1,0,0
107,0,2,Master,male,38.8,1,0,4.2887,S,0,4.2887,0.5210312075983718,0.7347585493942701,0.05293728392348318,-0.92182359530811,0,0,0,1
108,0,3,Miss,female,11.3,2,2,9.8818,S,0,9.8818,0.14789687924016284,-1.4897947842108739,0.1288191678037553,-0.6822574803579425,1,0,0,1
109,0,1,Mr,male,30.799999999999997,1,0,174.1157,S,0,74.094775,0.41248303934871106,0.08761576143640999,1.0,2.0681408586923586,0,0,0,1
110,0,1,Mr,male,14.0,1,0,29.0915,S,0,29.0915,0.18453188602442336,-1.2713840932750962,0.3894381849453875,0.1405408244029655,0,0,0,1
111,0,2,Mr,male,36.5,1,2,11.8725,C,1,11.8725,0.4898236092265944,0.5487049978563856,0.15582710012044151,-0.5969909439056533,0,1,0,0
112,1,1,Miss,female,40.1,0,0,80.0771,Q,1,74.094775,0.5386702849389418,0.8399192524374227,1.0,2.0681408586923586,1,0,1,0
113,1,3,Miss,female,30.2,0,2,4.8241,S,0,4.8241,0.4043419267299865,0.03908005233957066,0.060201084075366326,-0.8988911074312048,1,0,0,1
114,0,3,Mrs,female,17.0,0,0,2.2756,S,0,2.2756,0.2252374491180462,-1.0287055477908986,0.02562544962061432,-1.0080495783955181,1,0,0,1
115,1,3,Miss,female,30.2,0,2,6.2846,S,0,6.2846,0.4043419267299865,0.03908005233957066,0.08001576491553322,-0.8363343301726682,1,0,0,1
116,1,3,Mrs,female,22.6,0,0,26.0066,S,0,26.0066,0.30122116689280876,-0.5757055962203963,0.34758518328579774,0.00840703312267868,1,0,0,1
117,1,3,Miss,female,18.2,0,0,9.8559,S,0,9.8559,0.2415196743554953,-0.9316341295972196,0.12846778113223162,-0.6833668405297988,1,0,0,1
118,1,1,Mr,male,34.6,0,0,28.4597,S,0,28.4597,0.4640434192673,0.3950085857163939,0.38086652088868267,0.11347928939992329,0,0,0,1
119,0,3,Mr,male,18.7,1,0,4.7697,S,0,4.7697,0.24830393487109909,-0.8911877053498533,0.05946303639463708,-0.9012211921164935,0,0,0,1
120,0,3,Mr,male,7.0,0,0,21.4963,S,0,21.4963,0.08955223880597016,-1.8376340327382237,0.2863937043447469,-0.18478011680486425,0,0,0,1
121,0,3,Mrs,female,30.2,0,0,6.4549,S,1,6.4549,0.4043419267299865,0.03908005233957066,0.08232623403369853,-0.8290399657994203,1,0,0,1
122,1,3,Miss,female,30.2,0,0,15.6897,C,0,15.6897,0.4043419267299865,0.03908005233957066,0.20761525465867162,-0.4334909574960093,1,1,0,0
123,0,2,Mr,male,33.3,1,0,13.4558,S,0,13.4558,0.44640434192673,0.2898478826732413,0.17730781506343107,-0.5291743431295899,0,0,0,1
124,1,1,Mrs,female,31.9,1,1,90.0397,S,1,74.094775,0.4274084124830394,0.17659789478061588,1.0,2.0681408586923586,1,0,0,1
125,0,1,Mrs,female,31.2,0,0,132.4878,S,1,74.094775,0.4179104477611941,0.11997290083430318,1.0,2.0681408586923586,1,0,0,1
126,0,2,Mr,male,30.05,0,0,34.2863,S,0,34.2863,0.4023066485753054,0.0269461250653609,0.4599163116338496,0.3630467788724243,0,0,0,1
127,0,3,Mr,male,47.0,0,0,5.1659,C,0,5.1659,0.6322930800542742,1.398079907051077,0.06483830277524243,-0.8842509797578272,0,1,0,0
128,1,3,Miss,female,30.2,0,0,10.0563,S,1,10.0563,0.4043419267299865,0.03908005233957066,0.13118661854432984,-0.6747832197406096,1,0,0,1
129,0,1,Mr,male,30.799999999999997,0,0,46.8597,C,0,46.8597,0.41248303934871106,0.08761576143640999,0.6305002952529898,0.9015961682476255,0,1,0,0
130,0,3,Miss,female,6.8,0,0,24.6683,S,0,24.6683,0.08683853459972864,-1.8538126024371702,0.32942839631668075,-0.04891562008177133,1,0,0,1
131,1,2,Mr,male,49.7,0,2,7.6895,S,0,7.6895,0.6689280868385348,1.6164905979868551,0.09907611761142535,-0.7761590365263022,0,0,0,1
132,1,1,Miss,female,31.2,0,1,94.7008,S,1,74.094775,0.4179104477611941,0.11997290083430318,1.0,2.0681408586923586,1,0,0,1
133,1,1,Miss,female,19.4,3,0,91.2313,S,1,74.094775,0.2578018995929444,-0.8345627114035405,1.0,2.0681408586923586,1,0,0,1
134,1,2,Miss,female,30.65,3,0,8.3578,S,1,8.3578,0.4104477611940299,0.07548183416220024,0.10814297910097244,-0.7475341174972847,1,0,0,1
135,0,3,Dr,male,7.6,0,0,2.29,C,0,2.29,0.09769335142469471,-1.789098323641384,0.0258208151831603,-1.0074327912729417,0,1,0,0
136,1,2,Miss,female,30.2,0,0,10.1217,S,0,10.1217,0.4043419267299865,0.03908005233957066,0.1320739038075595,-0.6719819782255749,1,0,0,1
137,1,3,Miss,female,30.2,0,0,9.0063,S,0,9.0063,0.4043419267299865,0.03908005233957066,0.11694121294201883,-0.7197572807618101,1,0,0,1
138,0,3,Mr,male,27.0,0,0,9.4396,C,1,9.4396,0.3609226594301222,-0.21977706284357335,0.12281981698723918,-0.701197984913728,0,1,0,0
139,1,2,Mrs,female,7.4,3,0,13.206,Q,0,13.206,0.0949796472184532,-1.8052768933403307,0.1739187652353765,-0.5398738864087288,1,0,1,0
140,0,3,Mr,male,58.5,0,0,18.0687,S,0,18.0687,0.7883310719131617,2.328347664740501,0.23989127363762194,-0.33159258495368954,0,0,0,1
141,0,3,Mr,male,37.7,1,0,20.0788,S,0,20.0788,0.5061058344640436,0.6457764160500649,0.26716240678162706,-0.2454950991834848,0,0,0,1
142,0,2,Mr,male,30.05,0,1,35.8342,S,0,35.8342,0.4023066485753054,0.0269461250653609,0.480916752902247,0.4293471113054875,0,0,0,1
143,0,3,Mr,male,29.75,4,0,6.1623,S,1,6.1623,0.3982360922659431,0.0026782705169410845,0.07835651433918785,-0.8415727374706615,0,0,0,1
144,0,2,Mr,male,43.6,0,1,15.7722,Q,0,15.7722,0.5861601085481684,1.1230442221689865,0.2087345365274246,-0.429957281272915,0,0,1,0
145,1,2,Miss,female,41.0,1,4,44.4908,S,1,44.4908,0.5508819538670287,0.9127228160826819,0.5983613035088807,0.8001304033398907,1,0,0,1
146,0,1,Mr,male,30.799999999999997,0,0,61.9362,S,0,61.9362,0.41248303934871106,0.08761576143640999,0.8350439691227441,1.5473594358534617,0,0,0,1
147,0,3,Miss,female,50.2,0,0,7.3683,Q,1,7.3683,0.6757123473541385,1.6569370222342212,0.09471838020241363,-0.7899168159548826,1,0,1,0
148,0,3,Dr,male,29.75,0,0,16.8506,C,1,16.8506,0.3982360922659431,0.0026782705169410845,0.22336524643364572,-0.3837667789821888,0,1,0,0
149,0,1,Mr,male,24.5,0,2,114.4246,S,0,74.094775,0.3270013568521032,-0.4220091840804046,1.0,2.0681408586923586,0,0,0,1
150,0,2,Mr,male,0.4,2,3,15.2786,C,1,15.2786,0.0,-2.3715268328034584,0.202037839189043,-0.45109937319678595,0,1,0,0
151,1,3,Miss,female,30.2,2,0,8.2202,S,0,8.2202,0.4043419267299865,0.03908005233957066,0.10627615261442197,-0.7534278611130154,1,0,0,1
152,0,1,Mr,male,10.5,1,0,27.7328,S,1,27.7328,0.13704206241519676,-1.5545090630066598,0.37100463009599705,0.08234438944153223,0,0,0,1
153,1,1,Mr,male,21.7,0,1,52.5502,C,1,52.5502,0.2890094979647219,-0.6485091598656557,0.7077036100910382,1.1453341627629976,0,1,0,0
154,0,3,Miss,female,14.8,1,0,3.344,S,0,3.344,0.19538670284938944,-1.20666981447931,0.040120488997289636,-0.9622874004954701,1,0,0,1
155,0,3,Mr,male,24.4,0,1,24.0186,S,0,24.0186,0.32564450474898243,-0.430098468929878,0.3206138820120889,-0.0767438557441274,0,0,0,1
156,1,1,Mr,male,36.1,0,2,16.6142,S,0,16.6142,0.4843962008141114,0.5163478584584927,0.22015799511518255,-0.39389236757781904,0,0,0,1
157,0,3,Mr,male,29.9,0,0,6.6986,S,0,6.6986,0.4002713704206242,0.014812197791150847,0.08563252483873013,-0.818601700398595,0,0,0,1
158,1,3,Mrs,female,40.0,0,0,13.2271,S,0,13.2271,0.537313432835821,0.8318299675879494,0.17420503005271817,-0.538970121944398,1,0,0,1
159,0,1,Mr,male,48.1,0,0,73.5615,S,1,73.5615,0.6472184531886026,1.487062040395283,0.9927650298356453,2.045299389748472,0,0,0,1
160,1,3,Mrs,female,24.4,0,0,5.6254,S,0,5.6254,0.32564450474898243,-0.430098468929878,0.07107236360787282,-0.8645694740061687,1,0,0,1
161,0,2,Mr,male,22.8,0,0,21.6216,S,1,21.6216,0.30393487109905026,-0.5595270265214498,0.2880936560799561,-0.1794132121896677,0,0,0,1
162,0,3,Mrs,female,30.2,1,1,3.5258,S,0,3.5258,0.4043419267299865,0.03908005233957066,0.04258697922443263,-0.9545004630729422,1,0,0,1
163,0,3,Mrs,female,44.7,0,2,13.3377,C,1,13.3377,0.6010854816824968,1.2120263555131925,0.17570554610949493,-0.5342328541834982,1,1,0,0
164,1,3,Miss,female,40.4,0,2,6.1325,S,1,6.1325,0.542740841248304,0.8641871069858423,0.07795221616114131,-0.8428491441548822,1,0,0,1
165,0,1,Master,male,15.9,0,0,19.753,S,1,19.753,0.21031207598371782,-1.1176876811351042,0.26274226092902425,-0.2594499078317773,0,0,0,1
166,1,3,Mrs,female,35.8,0,1,9.0736,S,0,9.0736,0.480325644504749,0.49208000391007256,0.1178542756058622,-0.7168746576125463,1,0,0,1
167,0,2,Master,male,31.3,0,0,31.7843,S,0,31.7843,0.4192672998643149,0.12806218568377656,0.4259715451414857,0.2558800163247641,0,0,0,1
168,0,1,Mr,male,45.0,0,0,36.0527,C,0,36.0527,0.605156037991859,1.2362942100616119,0.4838811539728231,0.4387059992418039,0,1,0,0
169,0,1,Mr,male,21.4,0,0,114.205,S,0,74.094775,0.2849389416553596,-0.6727770144140756,1.0,2.0681408586923586,0,0,0,1
170,1,3,Mrs,female,30.2,1,0,10.9363,S,0,10.9363,0.4043419267299865,0.03908005233957066,0.14312562514436192,-0.6370906733609369,1,0,0,1
171,1,3,Miss,female,39.7,0,2,4.7524,S,1,4.7524,0.5332428765264587,0.8075621130395298,0.05922832637852281,-0.9019621933123667,1,0,0,1
172,1,1,Mrs,female,0.4,1,0,50.73,S,0,50.73,0.0,-2.3715268328034584,0.6830088603031083,1.0673705571717702,1,0,0,1
173,1,3,Mr,male,19.1,0,0,9.9577,S,0,9.9577,0.25373134328358216,-0.8588305659519602,0.12984890712300806,-0.6790064982326957,0,0,0,1
174,1,1,Mr,male,30.799999999999997,0,0,17.029,C,0,17.029,0.41248303934871106,0.08761576143640999,0.22578560868074313,-0.3761254718524915,0,1,0,0
175,0,3,Miss,female,14.8,1,0,8.0677,S,1,8.0677,0.19538670284938944,-1.20666981447931,0.10420717703884824,-0.7599598080708565,1,0,0,1
176,0,1,Mr,male,18.8,0,0,20.2233,S,1,20.2233,0.24966078697421987,-0.8830984205003799,0.2691228459335641,-0.2393058117381864,0,0,0,1
177,0,3,Dr,male,29.75,0,0,19.9386,S,1,19.9386,0.3982360922659431,0.0026782705169410845,0.2652603059573947,-0.25150020714079174,0,0,0,1
178,0,2,Mr,male,41.6,1,0,23.4238,S,0,23.4238,0.5590230664857532,0.9612585251795215,0.3125441989147036,-0.10222059050166071,0,0,0,1
179,0,3,Mr,male,26.0,0,0,14.8787,S,0,14.8787,0.3473541383989146,-0.30066991133830584,0.19661237471250567,-0.4682280655800031,0,0,0,1
180,0,1,Mr,male,46.1,1,1,38.6472,C,1,38.6472,0.6200814111261874,1.325276343405818,0.5190808728634859,0.5498347624032366,0,1,0,0
181,1,2,Mr,male,14.3,0,0,7.3703,S,0,7.3703,0.18860244233378565,-1.2471162387266763,0.09474551430832281,-0.7898311510767471,0,0,0,1
182,0,1,Mr,male,12.3,1,0,82.4772,S,0,74.094775,0.16146540027137046,-1.4089019357161412,1.0,2.0681408586923586,0,0,0,1
183,0,3,Mr,male,29.75,0,0,19.5971,S,0,19.5971,0.3982360922659431,0.0026782705169410845,0.26062715737340497,-0.2661274850824488,0,0,0,1
184,1,3,Miss,female,38.1,0,0,39.7352,S,0,39.7352,0.5115332428765266,0.6781335554479577,0.533841826478071,0.5964364561090139,1,0,0,1
185,0,2,Mr,male,23.0,0,0,37.3331,S,0,37.3331,0.30664857530529177,-0.5433484568225034,0.5012524085758698,0.4935486542242277,0,0,0,1
186,0,3,Mr,male,13.2,0,0,27.7673,S,0,27.7673,0.17367706919945727,-1.3360983720708821,0.3714726934229301,0.08382210858937159,0,0,0,1
187,1,3,Miss,female,30.2,0,2,22.8128,C,0,22.8128,0.4043419267299865,0.03908005233957066,0.304254729559454,-0.1283912107720926,1,1,0,0
188,0,3,Mr,male,29.75,0,0,10.0904,C,0,10.0904,0.3982360922659431,0.0026782705169410845,0.1316492550500811,-0.6733226335683973,0,1,0,0
189,1,3,Miss,female,21.0,0,1,5.3625,S,0,5.3625,0.2795115332428766,-0.7051341538119684,0.06750558538611323,-0.8758301222370958,1,0,0,1
190,1,1,Miss,female,33.0,0,6,8.1983,S,0,8.1983,0.4423337856173678,0.2655800281248218,0.10597903415471663,-0.7543658915286005,1,0,0,1
191,0,1,Master,male,55.8,0,0,56.5086,S,0,56.5086,0.7516960651289011,2.109936973804723,0.7614074325064554,1.3148820895690165,0,0,0,1
192,0,3,Mr,male,35.3,1,0,22.114,S,0,22.114,0.47354138398914525,0.45163357966270634,0.2947740729547922,-0.1583225191926781,0,0,0,1
193,1,3,Mrs,female,30.2,0,0,6.9887,C,0,6.9887,0.4043419267299865,0.03908005233957066,0.08956832690085434,-0.8061760098250235,1,1,0,0
194,0,3,Miss,female,30.2,0,2,12.176,S,0,12.176,0.4043419267299865,0.03908005233957066,0.15994470069215713,-0.583991298648573,1,0,0,1
195,0,2,Mr,male,37.9,0,2,10.5135,C,0,10.5135,0.5088195386702851,0.661954985749011,0.1373894751551647,-0.655200228598807,0,1,0,0
196,0,2,Mr,male,31.2,0,0,23.3323,S,0,23.3323,0.4179104477611941,0.11997290083430318,0.31130281356935935,-0.10613975867636531,0,0,0,1
197,0,3,Col,male,29.75,2,1,9.0038,S,0,9.0038,0.3982360922659431,0.0026782705169410845,0.11690729530963237,-0.7198643618594796,0,0,0,1
198,0,3,Miss,female,41.2,0,0,0.3868,S,1,0.3868,0.5535956580732702,0.9289013857816286,0.0,-1.0889514893067975,1,0,0,1
199,0,3,Mr,male,43.8,4,2,3.3796,Q,0,3.3796,0.5888738127544099,1.1392227918679327,0.04060347608247276,-0.9607625656646561,0,0,1,0
200,0,3,Mrs,female,41.3,0,2,17.7944,S,0,17.7944,0.5549525101763908,0.9369906706311014,0.23616983101218011,-0.3433415229899898,1,0,0,1
201,1,3,Mrs,female,30.2,1,0,1.0376,S,0,1.0376,0.4043419267299865,0.03908005233957066,0.00882943806284191,-1.0610761379614668,1,0,0,1
202,0,1,Mr,male,15.8,0,0,72.3811,S,1,72.3811,0.20895522388059706,-1.1257769659845775,0.9767504805280569,1.9947399786728297,0,0,0,1
203,0,1,Rev,male,0.4,1,0,107.8761,Q,0,74.094775,0.0,-2.3715268328034584,1.0,2.0681408586923586,0,0,1,0
204,0,3,Mr,male,32.0,0,0,3.0628,S,0,3.0628,0.4287652645861602,0.18468717963008924,0.03630543370646121,-0.9743318823613383,0,0,0,1
205,0,3,Rev,male,45.4,0,1,22.2522,S,0,22.2522,0.610583446404342,1.2686513494595049,0.2966490396731154,-0.15240307611350687,0,0,0,1
206,0,1,Master,male,44.1,0,0,177.7012,S,0,74.094775,0.5929443690637721,1.1634906464163528,1.0,2.0681408586923586,0,0,0,1
207,0,1,Mr,male,41.5,0,0,22.8313,C,1,22.8313,0.5576662143826324,0.9531692403300481,0.30450572003911375,-0.12759881064933812,0,1,0,0
208,0,3,Miss,female,28.6,2,0,6.7161,C,0,6.7161,0.38263229308005436,-0.0903485052520012,0.08586994826543531,-0.8178521327149083,1,1,0,0
209,1,1,Mr,male,45.5,0,2,78.2968,S,0,74.094775,0.6119402985074628,1.2767406343089782,1.0,2.0681408586923586,0,0,0,1
210,0,1,Mr,male,43.1,0,0,195.8585,S,0,74.094775,0.5793758480325646,1.0825977979216204,1.0,2.0681408586923586,0,0,0,1
211,1,3,Mrs,female,30.2,1,0,8.1728,S,1,8.1728,0.4043419267299865,0.03908005233957066,0.1056330743043748,-0.7554581187248297,1,0,0,1
212,1,3,Miss,female,39.5,0,0,19.2042,S,0,19.2042,0.5305291723202172,0.7913835433405831,0.2552966622675497,-0.2829563503921914,1,0,0,1
213,0,3,Mrs,female,21.9,3,3,11.9555,S,0,11.9555,0.2917232021709634,-0.6323305901667093,0.15695316551567182,-0.593435851463025,1,0,0,1
214,1,1,Miss,female,37.5,1,1,41.1582,S,1,41.1582,0.503392130257802,0.6295978463511182,0.5531477428324411,0.6573870169025073,1,0,0,1
215,1,3,Master,male,10.9,0,0,1.8563,S,1,1.8563,0.1424694708276798,-1.522151923608767,0.019936784316758126,-1.0260092200966509,0,0,0,1
216,0,1,Mr,male,30.799999999999997,1,0,35.4812,S,1,35.4812,0.41248303934871106,0.08761576143640999,0.47612758320927956,0.41422726031455054,0,0,0,1
217,1,2,Mrs,female,45.0,0,0,8.7307,C,1,8.7307,0.605156037991859,1.2362942100616119,0.11320213314773606,-0.7315619009688984,1,1,0,0
218,1,3,Miss,female,30.2,0,0,35.8122,S,1,35.8122,0.4043419267299865,0.03908005233957066,0.48061827773724614,0.4284047976459954,1,0,0,1
219,0,3,Mr,male,38.9,0,0,20.7907,S,0,20.7907,0.5223880597014926,0.7428478342437435,0.2768207917799939,-0.21500268581111093,0,0,0,1
220,1,3,Mrs,female,31.0,0,2,8.077,S,1,8.077,0.4151967435549526,0.10379433113535673,0.10433335063132584,-0.7595614663875258,1,0,0,1
221,0,3,Mr,male,0.4,1,0,12.406,S,1,12.406,0.0,-2.3715268328034584,0.16306512287171096,-0.5741398376629767,0,0,0,1
222,0,3,Mr,male,28.6,2,1,6.3564,S,0,6.3564,0.38263229308005436,-0.0903485052520012,0.0809898793176722,-0.8332589610475996,0,0,0,1
223,0,1,Mr,male,36.3,0,0,159.83,C,0,74.094775,0.48710990502035284,0.5325264281574389,1.0,2.0681408586923586,0,1,0,0
224,0,2,Mr,male,21.9,0,0,9.7552,S,1,9.7552,0.2917232021709634,-0.6323305901667093,0.12710157889970522,-0.6876800671439273,0,0,0,1
225,0,2,Mr,male,19.4,3,0,8.7581,S,0,8.7581,0.2578018995929444,-0.8345627114035405,0.1135738703986916,-0.7303882921384404,0,0,0,1
226,0,2,Mr,male,50.6,0,0,17.4741,S,1,17.4741,0.6811397557666216,1.6892941616321142,0.23182430395082754,-0.3570607532234093,0,0,0,1
227,1,3,Miss,female,28.8,0,0,3.0053,S,0,3.0053,0.38534599728629587,-0.07416993555305475,0.03552532816157274,-0.9767947476077372,1,0,0,1
228,0,2,Mr,male,36.3,0,0,14.4505,S,0,14.4505,0.48710990502035284,0.5325264281574389,0.1908029626373537,-0.4865689159888394,0,0,0,1
229,0,3,Mr,male,40.9,1,0,6.6023,S,0,6.6023,0.5495251017639078,0.9046335312332086,0.08432601763920389,-0.8227264642808251,0,0,0,1
230,1,3,Mrs,female,15.2,0,0,15.9793,S,0,15.9793,0.20081411126187249,-1.174312675081417,0.21154427319431854,-0.42108668314197156,1,0,0,1
231,0,3,Miss,female,32.5,1,0,27.1787,S,0,27.1787,0.435549525101764,0.2251336038774555,0.3634871260538632,0.05861093495405869,1,0,0,1
232,1,3,Mrs,female,48.8,1,5,11.1497,S,0,11.1497,0.6567164179104479,1.5436870343415954,0.1460208342448697,-0.6279502308638664,1,0,0,1
233,1,3,Miss,female,56.1,0,0,12.4804,S,0,12.4804,0.7557666214382633,2.134204828353143,0.16407451161153186,-0.5709531041963317,1,0,0,1
234,1,3,Miss,female,30.3,0,1,18.1248,S,0,18.1248,0.4056987788331073,0.04716933718904403,0.24065238530837402,-0.3291896851219854,1,0,0,1
235,0,1,Mr,male,26.2,1,0,13.6597,S,0,13.6597,0.3500678426051561,-0.2844913416393594,0.1800741371608703,-0.5204408088036634,0,0,0,1
236,0,3,Mr,male,33.6,0,1,7.4627,C,0,7.4627,0.4504748982360924,0.3141157372216614,0.09599911000132617,-0.7858734337068813,0,1,0,0
237,0,2,Mr,male,33.2,1,0,28.8931,S,1,28.8931,0.44504748982360937,0.2817585978237685,0.38674648163919845,0.13204286849191205,0,0,0,1
238,1,1,Mr,male,49.8,2,1,150.8152,C,0,74.094775,0.6702849389416554,1.6245798828363278,1.0,2.0681408586923586,0,1,0,0
239,1,3,Mr,male,29.75,0,0,18.1442,S,0,18.1442,0.3982360922659431,0.0026782705169410845,0.24091558613569292,-0.3283587358040698,0,0,0,1
240,1,1,Mrs,female,25.6,1,0,182.1832,C,0,74.094775,0.3419267299864316,-0.33302705073619876,1.0,2.0681408586923586,1,1,0,0
241,1,3,Mr,male,29.75,1,0,6.0379,S,0,6.0379,0.3982360922659431,0.0026782705169410845,0.07666877295163785,-0.846901092890697,0,0,0,1
242,0,3,Mr,male,15.0,1,0,23.481,S,0,23.481,0.19810040705563095,-1.1904912447803635,0.31332023434370565,-0.09977057498698191,0,0,0,1
243,0,3,Mr,male,35.2,0,0,11.0849,S,0,11.0849,0.47218453188602455,0.44354429481323354,0.14514168921341278,-0.6307257729154604,0,0,0,1
244,1,2,Mrs,female,41.4,0,0,2.4923,S,1,2.4923,0.5563093622795117,0.9450799554805748,0.028565429995872225,-0.9987677888495238,1,0,0,1
245,1,1,Mr,male,20.3,0,0,94.0561,Q,1,74.094775,0.27001356852103126,-0.7617591477582811,1.0,2.0681408586923586,0,0,1,0
246,0,3,Miss,female,40.9,0,1,9.3152,S,1,9.3152,0.5495251017639078,0.9046335312332086,0.12113207559968919,-0.7065263403337636,1,0,0,1
247,0,2,Mr,male,45.8,0,0,60.5888,Q,0,60.5888,0.616010854816825,1.3010084888573978,0.8167637219717404,1.4896470074534944,0,0,1,0
248,0,3,Mr,male,57.8,1,0,13.5593,S,0,13.5593,0.7788331071913163,2.2717226707941878,0.1787120050442303,-0.5247411856860715,0,0,0,1
249,0,3,Mr,male,29.75,0,0,8.0181,S,0,8.0181,0.3982360922659431,0.0026782705169410845,0.10353425121230098,-0.7620842970486198,0,0,0,1
250,1,3,Miss,female,30.2,0,0,12.2405,S,0,12.2405,0.4043419267299865,0.03908005233957066,0.16081977560772767,-0.5812286063286992,1,0,0,1
251,0,2,Mr,male,15.2,0,0,11.598,S,1,11.598,0.20081411126187249,-1.174312675081417,0.15210294408440878,-0.608748448429767,0,0,0,1
252,0,2,Miss,female,13.7,1,0,6.1649,Q,0,6.1649,0.18046132971506107,-1.2956519478235158,0.07839178867686977,-0.8414613731290852,1,0,1,0
253,0,3,Mr,male,47.8,0,2,11.4616,S,0,11.4616,0.6431478968792402,1.4627941858468627,0.1502523980614038,-0.6145907931186164,0,0,0,1
254,0,2,Mr,male,7.7,0,1,8.5763,S,0,8.5763,0.09905020352781548,-1.781009038791911,0.1111073801715486,-0.7381752295609684,0,0,0,1
255,1,1,Mrs,female,47.4,0,1,126.3928,Q,1,74.094775,0.6377204884667572,1.43043704644897,1.0,2.0681408586923586,1,0,1,0
256,1,3,Miss,female,17.1,1,0,40.4893,S,1,40.4893,0.22659430122116697,-1.020616262941425,0.5440727411111212,0.6287363984100494,1,0,0,1
257,1,3,Miss,female,19.8,0,1,8.3494,S,0,8.3494,0.2632293080054275,-0.8022055720056475,0.10802901585615395,-0.7478939099854545,1,0,0,1
258,1,3,Mrs,female,27.5,0,0,30.5364,S,1,30.5364,0.367706919945726,-0.17933063859620707,0.4090412197594629,0.20242941561204408,1,0,0,1
259,0,3,Miss,female,19.5,4,0,2.5555,S,0,2.5555,0.25915875169606517,-0.8264734265540672,0.029422867742601798,-0.9960607787004383,1,0,0,1
260,1,1,Mrs,female,43.2,1,0,135.2588,S,1,74.094775,0.5807327001356853,1.0906870827710937,1.0,2.0681408586923586,1,0,0,1
261,1,3,Mrs,female,56.0,3,0,13.4987,S,1,13.4987,0.7544097693351426,2.1261155435036696,0.17788984163518262,-0.5273368314935809,1,0,0,1
262,1,3,Miss,female,20.2,0,0,16.4299,S,1,16.4299,0.2686567164179105,-0.7698484326077545,0.21765758725565312,-0.4017863860980164,1,0,0,1
263,1,1,Miss,female,23.4,0,0,153.9227,S,0,74.094775,0.3120759837177748,-0.5109913174246106,1.0,2.0681408586923586,1,0,0,1
264,0,3,Mr,male,27.3,1,0,14.4635,S,0,14.4635,0.36499321573948446,-0.19550920829515353,0.19097933432576325,-0.4860120942809578,0,0,0,1
265,1,3,Mrs,female,37.5,0,0,2.8137,Q,0,2.8137,0.503392130257802,0.6295978463511182,0.032925880815474845,-0.9850014429331296,1,0,1,0
266,0,3,Mr,male,27.5,1,0,18.6047,S,0,18.6047,0.367706919945726,-0.17933063859620707,0.2471632140212779,-0.3086343976133434,0,0,0,1
267,1,3,Miss,female,49.8,0,0,16.2545,S,1,16.2545,0.6702849389416554,1.6245798828363278,0.21527792616741948,-0.4092991959105103,1,0,0,1
268,1,3,Miss,female,46.3,0,0,8.762,S,0,8.762,0.6227951153324288,1.341454913104764,0.11362678190521447,-0.730221245626076,1,0,0,1
269,0,2,Mr,male,30.05,0,0,15.06,S,0,15.06,0.4023066485753054,0.0269461250653609,0.19907208141317137,-0.46046254437700923,0,0,0,1
270,1,2,Mrs,female,30.65,0,1,29.6363,S,0,29.6363,0.4104477611940299,0.07548183416220024,0.3968295153950437,0.1638759372071083,1,0,0,1
271,0,3,Rev,male,51.7,0,0,13.1013,C,0,13.1013,0.69606512890095,1.77827629497632,0.17249829479103176,-0.5443584427791285,0,1,0,0
272,1,3,Mr,male,22.5,0,0,8.1183,C,0,8.1183,0.299864314789688,-0.5837948810698697,0.10489366991835007,-0.7577924866540252,0,1,0,0
273,0,3,Mrs,female,30.2,4,0,12.2551,S,0,12.2551,0.4043419267299865,0.03908005233957066,0.16101785458086457,-0.5806032527183093,1,0,0,1
274,0,3,Mr,male,22.0,0,0,4.4228,S,0,4.4228,0.2930800542740842,-0.6242413053172359,0.0547566257246926,-0.9160797652291168,0,0,0,1
275,1,3,Miss,female,22.3,0,1,5.8258,S,0,5.8258,0.2971506105834465,-0.5999734507688161,0.07379120101997104,-0.8559858532169794,1,0,0,1
276,1,3,Mrs,female,5.5,1,0,11.115,S,1,11.115,0.06919945725915876,-1.9589733054803224,0.1455500575073457,-0.6294365164995193,1,0,0,1
277,0,3,Mr,male,10.4,0,0,10.667,S,0,10.667,0.135685210312076,-1.5625983478561332,0.139472017783693,-0.6486254492018981,0,0,0,1
278,0,3,Mr,male,30.8,0,1,13.0046,C,1,13.0046,0.41248303934871106,0.08761576143641028,0.1711863607703237,-0.5485003396369857,0,1,0,0
279,0,3,Mr,male,51.6,1,0,10.9627,S,0,10.9627,0.6947082767978292,1.7701870101268466,0.14348379534236289,-0.6359598969695468,0,0,0,1
280,0,3,Mr,male,29.75,0,0,3.5409,Q,0,3.5409,0.3982360922659431,0.0026782705169410845,0.04279184172404682,-0.9538536932430183,0,0,1,0
281,0,3,Miss,female,30.2,1,0,30.2411,S,0,30.2411,0.4043419267299865,0.03908005233957066,0.40503486902197483,0.18978099635531975,1,0,0,1
282,0,2,Mr,male,54.4,1,0,36.7033,S,0,36.7033,0.7327001356852104,1.9966869859120975,0.4927078786250741,0.46657278409932096,0,0,0,1
283,0,2,Mr,male,30.05,4,0,22.3411,S,0,22.3411,0.4023066485753054,0.0269461250653609,0.2978551506807777,-0.14859527228037847,0,0,0,1
284,1,1,Rev,male,5.6,0,0,47.5651,S,0,47.5651,0.07055630936227951,-1.950884020630849,0.640070494407152,0.9318101707660587,0,0,0,1
285,0,3,Mr,male,17.7,0,5,22.0614,S,0,22.0614,0.2347354138398915,-0.9720805538445858,0.29406044596938113,-0.16057550548764496,0,0,0,1
286,1,1,Miss,female,20.1,0,0,125.2598,S,0,74.094775,0.26729986431478975,-0.7779377174572276,1.0,2.0681408586923586,1,0,0,1
287,0,3,Mr,male,29.75,0,0,27.6932,S,0,27.6932,0.3982360922659431,0.0026782705169410845,0.3704673747989956,0.08064822485444696,0,0,0,1
288,1,3,Miss,female,27.8,1,0,17.3488,S,0,17.3488,0.3717774762550883,-0.15506278404778726,0.23012435221561844,-0.36242765783860587,1,0,0,1
289,0,2,Mr,male,43.5,0,2,13.2978,S,1,13.2978,0.5848032564450476,1.1149549373195131,0.17516422069660711,-0.5359418685023039,0,0,0,1
290,1,3,Miss,female,11.1,0,1,16.8971,C,1,16.8971,0.1451831750339213,-1.5059733539098203,0.22399611439603376,-0.3817750705655357,1,1,0,0
291,0,1,Mr,male,30.799999999999997,1,0,8.8571,S,0,8.8571,0.41248303934871106,0.08761576143640999,0.11491700864119522,-0.7261478806707273,0,0,0,1
292,1,1,Mr,male,35.4,0,0,50.6871,C,0,50.6871,0.474898236092266,0.4597228645121797,0.6824268337313567,1.0655330455357612,0,1,0,0
293,0,3,Miss,female,28.5,0,0,35.3099,S,1,35.3099,0.3812754409769336,-0.09843779010147456,0.47380354703815963,0.4068900635022346,1,0,0,1
294,1,2,Mr,male,32.4,0,0,5.5224,S,0,5.5224,0.4341926729986432,0.21704431902798213,0.06967495715355089,-0.8689812152301529,0,0,0,1
295,1,1,Mrs,female,32.6,1,0,12.7003,S,1,12.7003,0.4369063772048848,0.23322288872692887,0.16705790655624442,-0.5615342508453203,1,0,0,1
296,1,3,Mrs,female,30.2,0,0,8.9846,S,0,8.9846,0.4043419267299865,0.03908005233957066,0.11664680789290441,-0.7206867446895815,1,0,0,1
297,1,3,Mr,male,29.75,1,0,9.143,S,1,9.143,0.3982360922659431,0.0026782705169410845,0.11879582908091019,-0.7139020863412404,0,0,0,1
298,1,1,Rev,male,47.8,0,2,129.052,S,0,74.094775,0.6431478968792402,1.4627941858468627,1.0,2.0681408586923586,0,0,0,1
299,1,3,Miss,female,47.0,1,0,13.7469,S,1,13.7469,0.6322930800542742,1.398079907051077,0.18125718417850986,-0.5167058201169504,1,0,0,1
300,0,1,Mr,male,44.4,1,2,69.4675,S,0,69.4675,0.5970149253731344,1.1877585009647724,0.937221515039587,1.8699433842048587,0,0,0,1
301,0,1,Mr,male,6.9,0,0,14.419,S,0,14.419,0.0881953867028494,-1.845723317587697,0.19037560046928437,-0.48791813781947535,0,0,0,1
302,0,3,Mr,male,29.75,0,0,11.476,S,0,11.476,0.3982360922659431,0.0026782705169410845,0.1504477636239498,-0.6139740059960399,0,0,0,1
303,0,3,Col,male,39.2,0,0,6.1081,S,0,6.1081,0.526458616010855,0.7671156887921636,0.07762118006904951,-0.8438942556681367,0,0,0,1
304,0,3,Mr,male,7.4,1,0,19.0817,S,1,19.0817,0.0949796472184532,-1.8052768933403307,0.25363469828061347,-0.28820332417799804,0,0,0,1
305,1,3,Mrs,female,26.6,0,0,11.7433,C,0,11.7433,0.3554952510176392,-0.2521342022414662,0.15407423687870953,-0.6025248950332144,1,1,0,0
306,0,3,Miss,female,33.7,0,0,0.6422,S,1,0.6422,0.45183175033921313,0.3222050220711348,0.0034650253246002213,-1.078012084368879,1,0,0,1
307,0,3,Miss,female,53.8,0,0,26.9132,S,0,26.9132,0.7245590230664859,1.9481512768152578,0.3598850734944217,0.047238922381555186,1,0,0,1
308,1,2,Miss,female,40.2,0,0,6.4274,S,1,6.4274,0.5400271370420625,0.8480085372868961,0.08195314007744751,-0.8302178578737851,1,0,0,1
309,0,3,Mr,male,17.2,0,1,12.5185,S,0,12.5185,0.2279511533242877,-1.0125269780919521,0.16459141632910143,-0.5693211882678482,0,0,0,1
310,0,2,Miss,female,54.3,0,0,15.3057,S,1,15.3057,0.7313432835820897,1.9885977010626241,0.20240550632411214,-0.44993861409804836,1,0,0,1
311,0,2,Mr,male,30.3,0,0,24.93,S,1,24.93,0.4056987788331073,0.04716933718904403,0.33297889407489484,-0.03770637077772543,0,0,0,1
312,0,1,Mr,male,26.0,1,0,43.2363,S,0,43.2363,0.3473541383989146,-0.30066991133830584,0.5813414355773577,0.7463971085293232,0,0,0,1
313,0,1,Master,male,30.799999999999997,0,2,37.1928,S,1,37.1928,0.41248303934871106,0.08761576143640999,0.4993489510463419,0.48753926302301387,0,0,0,1
314,0,3,Master,male,6.2,0,0,9.6359,S,1,9.6359,0.07869742198100409,-1.9023483115340099,0.1254830294822236,-0.692789977124717,0,0,0,1
315,1,3,Miss,female,28.1,3,0,29.1604,C,0,29.1604,0.3758480325644506,-0.13079492949936747,0.3903729548939582,0.1434919794547376,1,1,0,0
316,1,3,Miss,female,36.9,1,0,3.8269,S,0,3.8269,0.4952510176390774,0.5810621372542785,0.046672018869057245,-0.9416036156696248,1,0,0,1
317,0,2,Mr,male,24.1,2,0,17.6271,S,0,17.6271,0.32157394843962017,-0.45436632347829753,0.23390006305287855,-0.3505073900460345,0,0,0,1
318,0,1,Mr,male,35.8,0,3,86.7979,S,1,74.094775,0.480325644504749,0.49208000391007256,1.0,2.0681408586923586,0,0,0,1
319,0,1,Miss,female,31.2,0,0,78.0074,S,0,74.094775,0.4179104477611941,0.11997290083430318,1.0,2.0681408586923586,1,0,0,1
320,0,2,Mr,male,27.7,0,0,10.9384,S,0,10.9384,0.3704206241519675,-0.16315206889726064,0.14315411595556654,-0.6370007252388946,0,0,0,1
321,0,3,Rev,male,34.3,1,0,8.3876,S,0,8.3876,0.45997286295793766,0.3707407311679738,0.10854727727901901,-0.7462577108130639,0,0,0,1
322,0,3,Col,male,32.5,0,0,10.0262,S,0,10.0262,0.435549525101764,0.2251336038774555,0.1307782502503969,-0.6760724761565508,0,0,0,1
323,0,3,Mrs,female,6.4,0,2,11.1776,Q,1,11.1776,0.08141112618724561,-1.8861697418350634,0.14639935502230253,-0.6267552058138744,1,0,1,0
324,1,2,Miss,female,23.3,0,0,1.8873,Q,1,1.8873,0.3107191316146541,-0.5190806022740836,0.020357362958350163,-1.0246814144855487,1,0,1,0
325,0,3,Mr,male,29.75,0,0,16.9657,S,0,16.9657,0.3982360922659431,0.0026782705169410845,0.22492681422871807,-0.37883676524548393,0,0,0,1
326,0,3,Mr,male,29.75,0,0,15.03,Q,0,15.03,0.3982360922659431,0.0026782705169410845,0.1986650698245339,-0.46174751754904353,0,0,1,0
327,1,3,Miss,female,29.9,0,0,20.6944,S,0,20.6944,0.4002713704206242,0.014812197791150847,0.2755142845804677,-0.219127449693341,1,0,0,1
328,0,3,Mrs,female,28.4,0,1,1.7397,S,0,1.7397,0.3799185888738128,-0.10652707495094793,0.018354865942253874,-1.0310034824919576,1,0,0,1
329,0,2,Mr,male,52.4,0,0,21.032,S,0,21.032,0.7055630936227952,1.8349012889226326,0.2800945216579345,-0.20466721826404843,0,0,0,1
330,1,2,Miss,female,30.65,4,0,15.4968,S,0,15.4968,0.4104477611940299,0.07548183416220024,0.20499817014373276,-0.44175333499218983,1,0,0,1
331,0,2,Mr,male,41.4,1,2,19.2047,S,0,19.2047,0.5563093622795117,0.9450799554805748,0.255303445794027,-0.2829349341726575,0,0,0,1
332,0,3,Mr,male,15.6,2,0,9.5838,Q,0,9.5838,0.20624151967435553,-1.141955535683524,0.12477618602328988,-0.6950215472001499,0,0,1,0
333,1,1,Miss,female,34.9,1,0,93.1381,S,0,74.094775,0.46811397557666223,0.4192764402648134,1.0,2.0681408586923586,1,0,0,1
334,0,1,Mr,male,30.799999999999997,0,0,41.2664,S,0,41.2664,0.41248303934871106,0.08761576143640999,0.5546156979621268,0.6620214868096442,0,0,0,1
335,0,1,Mr,male,30.799999999999997,0,4,74.1687,C,1,74.094775,0.41248303934871106,0.08761576143640999,1.0,2.0681408586923586,0,1,0,0
336,0,1,Mr,male,17.1,0,0,13.7356,S,0,13.7356,0.22659430122116697,-1.020616262941425,0.18110387648012308,-0.5171898266784167,0,0,0,1
337,0,3,Mr,male,54.4,0,0,8.4356,S,0,8.4356,0.7327001356852104,1.9966869859120975,0.10919849582083895,-0.7442017537378092,0,0,0,1
338,0,3,Miss,female,25.3,0,0,8.8006,S,1,8.8006,0.33785617367706927,-0.35729490528461855,0.11415047014926132,-0.7285679134780586,1,0,0,1
339,0,3,Mr,male,29.75,0,0,0.6207,S,0,0.6207,0.3982360922659431,0.0026782705169410845,0.0031733336860767106,-1.078932981808837,0,0,0,1
340,1,1,Miss,female,44.2,0,0,75.7985,S,0,74.094775,0.594301221166893,1.1715799312658262,1.0,2.0681408586923586,1,0,0,1
341,1,3,Mr,male,35.6,0,0,14.6049,S,0,14.6049,0.47761194029850756,0.4759014342111264,0.19289771561354116,-0.47995558739676947,0,0,0,1
342,0,3,Mr,male,36.3,0,0,8.3694,S,0,8.3694,0.48710990502035284,0.5325264281574389,0.1083003569152456,-0.7470372612040981,0,0,0,1
343,1,1,Mr,male,9.4,0,0,116.6537,Q,1,74.094775,0.1221166892808684,-1.6434911963508658,1.0,2.0681408586923586,0,0,1,0
344,1,2,Miss,female,32.7,1,0,40.8645,C,0,40.8645,0.43826322930800554,0.24131217357640225,0.5491630993796803,0.6448071295482916,1,1,0,0
345,0,2,Mr,male,30.05,0,1,58.5118,S,0,58.5118,0.4023066485753054,0.0269461250653609,0.7885849529850738,1.4006840315096534,0,0,0,1
346,1,3,Miss,female,39.6,0,2,3.5585,S,0,3.5585,0.531886024423338,0.7994728281900565,0.04303062185604746,-0.953099842315425,1,0,0,1
347,0,3,Mr,male,31.9,0,0,16.6644,S,0,16.6644,0.4274084124830394,0.17659789478061588,0.22083906117350258,-0.39174217913661497,0,0,0,1
348,1,1,Mrs,female,54.5,0,0,76.5844,Q,1,74.094775,0.7340569877883312,2.004776270761571,1.0,2.0681408586923586,1,0,1,0
349,0,2,Mr,male,27.0,0,0,16.484,S,1,16.484,0.3609226594301222,-0.21977706284357335,0.21839156482049601,-0.39946915114444786,0,0,0,1
350,1,3,Mrs,female,20.7,0,0,3.5625,S,0,3.5625,0.2754409769335143,-0.7294020083603883,0.04308489006786579,-0.9529285125591537,1,0,0,1
351,1,3,Miss,female,30.2,0,1,11.1677,C,0,11.1677,0.4043419267299865,0.03908005233957066,0.14626504119805217,-0.6271792469606458,1,1,0,0
352,1,3,Mrs,female,40.8,0,0,0.809,Q,0,0.809,0.548168249660787,0.8965442463837352,0.005728009757424485,-1.0708676335323681,1,0,1,0
353,0,3,Miss,female,30.2,2,0,9.6497,S,0,9.6497,0.4043419267299865,0.03908005233957066,0.12567025481299682,-0.6921988894655812,1,0,0,1
354,0,1,Mrs,female,31.2,2,1,13.1462,S,0,13.1462,0.4179104477611941,0.11997290083430318,0.1731074554686925,-0.5424352662649838,1,0,0,1
355,0,1,Mr,male,41.5,0,0,45.8155,S,0,45.8155,0.5576662143826324,0.9531692403300481,0.6163335785578155,0.8568705353730185,0,0,0,1
356,0,3,Mr,male,25.8,0,0,22.2422,S,0,22.2422,0.3446404341926731,-0.3168484810372523,0.29651336914356957,-0.15283140050418487,0,0,0,1
357,0,1,Mr,male,45.8,1,0,39.4295,S,1,39.4295,0.616010854816825,1.3010084888573978,0.5296943783898553,0.5833425794859842,0,0,0,1
358,0,3,Miss,female,39.0,0,0,1.4958,S,0,1.4958,0.5237449118046134,0.7509371190932169,0.015045861726631344,-1.0414503143805964,1,0,0,1
359,0,3,Mr,male,60.8,0,0,13.8287,S,0,13.8287,0.8195386702849391,2.5144012162783853,0.18236696911019465,-0.5132021266012036,0,0,0,1
360,1,3,Miss,female,18.8,0,1,6.0932,S,0,6.0932,0.24966078697421987,-0.8830984205003799,0.07741903098002624,-0.8445324590102471,1,0,0,1
361,0,2,Master,male,41.7,2,1,59.2511,S,1,59.2511,0.5603799185888739,0.969347810028995,0.7986150752343962,1.4323500537124851,0,0,0,1
362,0,3,Mr,male,14.9,0,0,2.4343,S,1,2.4343,0.1967435549525102,-1.1985805296298369,0.02777854092450647,-1.0012520703154568,0,0,0,1
363,0,3,Mr,male,6.3,0,2,59.1905,S,0,59.1905,0.08005427408412484,-1.8942590266845365,0.7977929118253485,1.4297544079049762,0,0,0,1
364,0,3,Miss,female,0.4,1,0,7.0403,C,0,7.0403,0.0,-2.3715268328034584,0.09026838683331077,-0.8039658559691244,1,1,0,0
365,0,3,Mr,male,37.5,0,1,6.7758,S,1,6.7758,0.503392130257802,0.6295978463511182,0.08667990132682386,-0.81529503610256,0,0,0,1
366,0,2,Col,male,32.4,0,0,4.4236,S,0,4.4236,0.4341926729986432,0.21704431902798213,0.05476747936705628,-0.9160454992778625,0,0,0,1
367,0,3,Master,male,22.8,4,2,14.927,S,0,14.927,0.30393487109905026,-0.5595270265214498,0.19726766337021198,-0.46615925877302794,0,0,0,1
368,0,3,Mr,male,29.75,0,2,0.9446,S,1,0.9446,0.3982360922659431,0.0026782705169410845,0.007567702138065793,-1.0650595547947732,0,0,0,1
369,0,1,Col,male,19.7,0,0,86.0567,S,1,74.094775,0.2618724559023067,-0.8102948568551208,1.0,2.0681408586923586,0,0,0,1
370,0,1,Mr,male,30.799999999999997,0,2,127.1009,C,0,74.094775,0.41248303934871106,0.08761576143640999,1.0,2.0681408586923586,0,1,0,0
371,1,1,Mrs,female,41.2,0,1,21.1781,S,0,21.1781,0.5535956580732702,0.9289013857816286,0.28207666809459897,-0.1984093989162414,1,0,0,1
372,1,1,Master,male,29.5,0,1,197.7123,S,0,74.094775,0.3948439620081412,-0.017544941606742043,1.0,2.0681408586923586,0,0,0,1
373,0,1,Mr,male,33.4,0,0,33.174,S,0,33.174,0.4477611940298508,0.29793716752271465,0.44482567863246814,0.31540425689729945,0,0,0,1
374,0,3,Mr,male,24.2,0,1,8.7309,S,1,8.7309,0.3229308005427409,-0.44627703862882445,0.11320484655832697,-0.7315533344810848,0,0,0,1
375,0,1,Mr,male,55.1,1,1,12.4097,Q,0,12.4097,0.7421981004070558,2.0533119798584107,0.16311532096764292,-0.5739813576384258,0,0,1,0
376,0,2,Mr,male,14.9,0,0,15.0271,S,1,15.0271,0.1967435549525102,-1.1985805296298369,0.19862572537096562,-0.46187173162234013,0,0,0,1
377,0,3,Mr,male,19.6,0,2,15.779,S,0,15.779,0.260515603799186,-0.8183841417045938,0.20882679248751576,-0.4296660206872539,0,0,0,1
378,1,1,Mr,male,22.6,0,0,21.6181,S,0,21.6181,0.30122116689280876,-0.5757055962203963,0.28804617139461497,-0.17956312572640512,0,0,0,1
379,0,3,Mr,male,29.75,1,0,12.9537,S,0,12.9537,0.3982360922659431,0.0026782705169410845,0.17049579777493548,-0.5506805107855373,0,0,0,1
380,1,2,Miss,female,30.65,0,0,22.7791,C,0,22.7791,0.4104477611940299,0.07548183416220024,0.3037975198748846,-0.12983466396867777,1,1,0,0
381,1,1,Miss,female,31.7,0,0,115.0846,C,0,74.094775,0.4246947082767979,0.16041932508166942,1.0,2.0681408586923586,1,1,0,0
382,0,3,Miss,female,32.1,0,0,10.8124,C,0,10.8124,0.43012211668928096,0.19277646447956262,0.14144466728328922,-0.6423976125614386,1,1,0,0
383,0,3,Mr,male,19.6,0,0,25.4938,S,0,25.4938,0.260515603799186,-0.8183841417045938,0.34062799853068815,-0.013557441631294182,0,0,0,1
384,1,3,Col,male,34.5,0,2,3.3776,S,0,3.3776,0.4626865671641792,0.38691930086692056,0.040576341976563596,-0.9608482305427917,0,0,0,1
385,0,3,Mr,male,29.75,1,0,14.5545,S,0,14.5545,0.3982360922659431,0.0026782705169410845,0.19221393614463023,-0.4821143423257871,0,0,0,1
386,0,3,Mr,male,29.75,0,0,5.8006,S,0,5.8006,0.3982360922659431,0.0026782705169410845,0.07344931128551557,-0.8570652306814883,0,0,0,1
387,1,2,Mrs,female,31.1,0,0,20.9202,S,0,20.9202,0.4165535956580734,0.1118836159848301,0.2785777251376123,-0.20945588495182954,1,0,0,1
388,0,1,Mr,male,30.799999999999997,0,0,73.0553,S,0,73.0553,0.41248303934871106,0.08761576143640999,0.985897387630036,2.023617609092347,0,0,0,1
389,0,3,Mr,male,0.4,1,2,5.5792,C,0,5.5792,0.0,-2.3715268328034584,0.07044556576137113,-0.8665483326911014,0,1,0,0
390,0,3,Mr,male,37.4,0,0,10.1946,S,0,10.1946,0.5020352781546812,0.6215085615016447,0.13306294196794852,-0.6688594934175316,0,0,0,1
391,1,3,Miss,female,44.9,0,1,5.4592,S,0,5.4592,0.6037991858887383,1.2282049252121385,0.0688175194068213,-0.8716882253792386,1,0,0,1
392,1,2,Mr,male,30.05,0,0,55.0907,C,0,55.0907,0.4023066485753054,0.0269461250653609,0.7421707081221536,1.2541499742147688,0,1,0,0
393,0,2,Dr,male,30.05,0,0,26.4934,S,0,26.4934,0.4023066485753054,0.0269461250653609,0.3541896246640882,0.029257864460888645,0,0,0,1
394,0,3,Mr,male,29.75,0,0,36.9995,S,1,36.9995,0.3982360922659431,0.0026782705169410845,0.49672643971022123,0.4792597525512062,0,0,0,1
395,0,2,Master,male,13.1,0,0,7.4293,S,0,7.4293,0.17232021709633652,-1.3441876569203552,0.09554597043264314,-0.7873040371717462,0,0,0,1
396,0,3,Rev,male,9.9,0,0,1.8395,S,0,1.8395,0.1289009497964722,-1.6030447721034995,0.019708857827121146,-1.0267288050729901,0,0,0,1
397,0,3,Mr,male,40.0,0,0,14.1676,S,0,14.1676,0.537313432835821,0.8318299675879494,0.18696484335650246,-0.49868621300112276,0,0,0,1
398,0,2,Mr,male,29.8,0,0,21.7472,S,1,21.7472,0.39891451831750346,0.006722912941677768,0.28979767793105154,-0.17403345784275082,0,0,0,1
399,0,3,Mr,male,45.1,0,1,18.3507,S,0,18.3507,0.6065128900949798,1.2443834949110852,0.24371718257081404,-0.31951383713656717,0,0,0,1
400,0,3,Master,male,29.75,0,0,18.4308,S,0,18.4308,0.3982360922659431,0.0026782705169410845,0.24480390351247608,-0.3160829587672355,0,0,0,1
401,0,1,Mr,male,9.4,1,0,216.9827,Q,0,74.094775,0.1221166892808684,-1.6434911963508658,1.0,2.0681408586923586,0,0,1,0
402,0,3,Mr,male,29.9,4,0,18.3043,S,0,18.3043,0.4002713704206242,0.014812197791150847,0.24308767131372147,-0.3215012623093135,0,0,0,1
403,0,3,Mrs,female,35.8,4,0,4.1588,S,1,4.1588,0.480325644504749,0.49208000391007256,0.051174923744682986,-0.9273875291430186,1,0,0,1
404,0,3,Mrs,female,42.0,1,1,2.7687,S,1,2.7687,0.5644504748982362,0.9936156645774145,0.03231536343251866,-0.9869289026911812,1,0,0,1
405,1,2,Rev,male,32.2,0,0,56.0121,S,0,56.0121,0.4314789687924018,0.20086574932903598,0.7546713907145054,1.293615783571849,0,0,0,1
406,0,3,Mr,male,32.1,1,0,10.8838,S,1,10.8838,0.43012211668928096,0.19277646447956262,0.1424133548642464,-0.6393393764119969,0,0,0,1
407,0,2,Master,male,24.1,0,2,41.2415,S,0,41.2415,0.32157394843962017,-0.45436632347829753,0.5542778783435578,0.660954959076856,0,0,0,1
408,1,1,Mr,male,52.8,0,0,227.53,S,0,74.094775,0.7109905020352782,1.8672584283205254,1.0,2.0681408586923586,0,0,0,1
409,1,3,Mrs,female,13.7,0,0,17.8887,S,0,17.8887,0.18046132971506107,-1.2956519478235158,0.2374492041057972,-0.33930242398589533,1,0,0,1
410,1,1,Col,male,34.9,0,0,31.6875,C,0,31.6875,0.46811397557666223,0.4192764402648134,0.42465825441548216,0.25173383622300005,0,1,0,0
411,1,2,Mrs,female,15.4,1,0,0.8325,S,0,0.8325,0.20352781546811402,-1.1581341053824705,0.00604683550185716,-1.0698610712142747,1,0,0,1
412,0,3,Rev,male,37.5,0,1,23.8774,S,0,23.8774,0.503392130257802,0.6295978463511182,0.31869821413490196,-0.08279179614050207,0,0,0,1
413,0,3,Mr,male,29.75,0,1,3.5073,S,0,3.5073,0.3982360922659431,0.0026782705169410845,0.042335988744772866,-0.9552928631956967,0,0,0,1
414,1,3,Mrs,female,40.5,2,2,3.0579,C,1,3.0579,0.5440976933514248,0.8722763918353157,0.036238955146983755,-0.9745417613127706,1,1,0,0
415,1,3,Miss,female,31.3,0,0,9.8914,S,1,9.8914,0.4192672998643149,0.12806218568377656,0.1289494115121193,-0.6818462889428915,1,0,0,1
416,0,2,Dr,female,55.0,0,0,15.1864,S,0,15.1864,0.740841248303935,2.045222695008937,0.20078695690663054,-0.455048524078838,1,0,0,1
417,1,2,Miss,female,25.6,1,0,20.2844,Q,0,20.2844,0.3419267299864316,-0.33302705073619876,0.2699517928690891,-0.23668874971114306,1,0,1,0
418,0,2,Mr,male,30.05,0,0,22.0801,S,1,22.0801,0.4023066485753054,0.0269461250653609,0.2943141498596319,-0.15977453887707682,0,0,0,1
419,0,3,Mrs,female,18.4,0,0,5.1772,S,1,5.1772,0.2442333785617368,-0.9154555598982731,0.06499161047362921,-0.883766973196361,1,0,0,1
420,0,3,Mr,male,29.75,0,0,3.1142,S,0,3.1142,0.3982360922659431,0.0026782705169410845,0.03700278022832671,-0.9721302949932529,0,0,0,1
421,1,3,Miss,female,31.2,0,0,26.0423,C,0,26.0423,0.4179104477611941,0.11997290083430318,0.3480695270762763,0.009936151197399582,1,1,0,0
422,0,3,Mr,male,7.6,1,0,19.8186,S,0,19.8186,0.09769335142469471,-1.789098323641384,0.26363225960284487,-0.256640099828929,0,0,0,1
423,1,1,Mrs,female,9.1,0,1,21.3343,C,0,21.3343,0.11804613297150611,-1.6677590508992852,0.28419584176610463,-0.19171897193384957,1,1,0,0
424,1,3,Rev,male,38.4,0,1,2.151,S,1,2.151,0.5156037991858888,0.7024014099963772,0.02393499482247341,-1.0133865003033673,0,0,0,1
425,0,1,Mr,male,27.6,0,0,48.5306,S,0,48.5306,0.36906377204884677,-0.17124135374673372,0.6531694840348008,0.9731648906860291,0,0,0,1
426,0,3,Master,male,21.1,0,0,3.0007,S,1,3.0007,0.2808683853459974,-0.6970448689624951,0.03546291971798167,-0.9769917768274493,0,0,0,1
427,1,2,Miss,female,19.0,3,0,11.552,C,0,11.552,0.2523744911804614,-0.8669198508014335,0.151478859648498,-0.6107187406268864,1,1,0,0
428,1,3,Mr,male,19.6,0,1,18.9284,S,1,18.9284,0.260515603799186,-0.8183841417045938,0.25155486906267605,-0.29476953708709336,0,0,0,1
429,0,2,Col,male,31.3,0,0,14.3429,S,0,14.3429,0.4192672998643149,0.12806218568377656,0.1893431477394407,-0.4911776864325357,0,0,0,1
430,1,1,Mr,male,36.2,0,0,148.5118,S,0,74.094775,0.48575305291723214,0.5244371433079661,1.0,2.0681408586923586,0,0,0,1
431,0,1,Master,male,30.799999999999997,1,0,51.407,C,0,51.407,0.41248303934871106,0.08761576143640999,0.6921937551533601,1.0963681184206775,0,1,0,0
432,0,3,Miss,female,50.2,2,0,23.0219,S,0,23.0219,0.6757123473541385,1.6569370222342212,0.3070916003322571,-0.11943494776301357,1,0,0,1
433,0,3,Mr,male,49.2,0,0,7.3086,S,0,7.3086,0.662143826322931,1.5760441737394888,0.0939084271410251,-0.7924739125672309,0,0,0,1
434,1,1,Miss,female,0.4,0,1,3.1389,S,0,3.1389,0.0,-2.3715268328034584,0.03733788643630489,-0.971072333748278,1,0,0,1
435,1,1,Mr,male,30.799999999999997,0,0,88.5375,Q,0,74.094775,0.41248303934871106,0.08761576143640999,1.0,2.0681408586923586,0,0,1,0
436,0,3,Mr,male,45.0,1,0,1.3105,C,0,1.3105,0.605156037991859,1.2362942100616119,0.012531886814147315,-1.0493871653398614,0,1,0,0
437,1,1,Mrs,female,29.7,0,0,39.4834,S,0,39.4834,0.3975576662143827,-0.0013663719077955988,0.5304256425441073,0.5856512479517395,1,0,0,1
438,1,3,Mrs,female,30.2,1,0,10.5576,S,0,10.5576,0.4043419267299865,0.03908005233957066,0.13798778219046176,-0.6533113180359166,1,0,0,1
439,0,3,Mr,male,44.4,0,1,12.3156,S,0,12.3156,0.5970149253731344,1.1877585009647724,0.16183866128461677,-0.5780118901547068,0,0,0,1
440,0,1,Mr,male,26.2,1,0,98.8494,Q,1,74.094775,0.3500678426051561,-0.2844913416393594,1.0,2.0681408586923586,0,0,1,0
441,1,1,Mrs,female,37.7,0,1,13.2189,S,0,13.2189,0.5061058344640436,0.6457764160500649,0.1740937802184906,-0.5393213479447541,1,0,0,1
442,0,3,Mr,male,61.9,0,0,4.4609,S,1,4.4609,0.8344640434192674,2.6033833496225913,0.05527353044226217,-0.9144478493006333,0,0,0,1
443,1,2,Mrs,female,33.4,0,0,12.4303,S,0,12.4303,0.4477611940298508,0.29793716752271465,0.1633948022585073,-0.5730990093936289,1,0,0,1
444,1,2,Mrs,female,30.65,0,0,24.5482,Q,0,24.5482,0.4104477611940299,0.07548183416220024,0.3277989932568355,-0.054059796013815185,1,0,1,0
445,1,3,Miss,female,24.8,1,0,12.9014,S,0,12.9014,0.3310719131614655,-0.3977413295319848,0.16978624090541086,-0.5529206473487837,1,0,0,1
446,0,3,Mr,male,18.3,1,0,4.3562,S,0,4.3562,0.24287652645861607,-0.9235448447477462,0.05385305999791746,-0.9189324056710328,0,0,0,1
447,1,3,Miss,female,36.0,0,0,22.646,C,0,22.646,0.4830393487109906,0.5082585736090193,0.30199174512662974,-0.13553566160860323,1,1,0,0
448,0,3,Mr,male,18.0,0,0,2.259,S,0,2.259,0.23880597014925378,-0.947812699296166,0.02540023654156826,-1.0087605968840438,0,0,0,1
449,0,2,Master,male,22.8,0,0,20.8266,S,0,20.8266,0.30393487109905026,-0.5595270265214498,0.2773078489810634,-0.21346500124857665,0,0,0,1
450,0,1,Mr,male,11.1,1,1,31.8065,Q,0,31.8065,0.1451831750339213,-1.5059733539098203,0.42627273371707736,0.2568308964720694,0,0,1,0
451,0,3,Mr,male,29.75,0,2,19.3409,Q,0,19.3409,0.3982360922659431,0.0026782705169410845,0.2571512784064411,-0.2771011559716217,0,0,1,0
452,0,3,Miss,female,32.3,0,0,6.399,C,0,6.399,0.4328358208955224,0.20895503417850878,0.08156783577353739,-0.8314342991433108,1,1,0,0
453,1,2,Miss,female,0.4,0,2,91.7392,S,0,74.094775,0.0,-2.3715268328034584,1.0,2.0681408586923586,1,0,0,1
454,1,3,Miss,female,33.5,0,0,263.0,S,0,74.094775,0.44911804613297157,0.306026452372188,1.0,2.0681408586923586,1,0,0,1
455,1,1,Mr,male,29.0,0,0,172.7237,Q,0,74.094775,0.3880597014925374,-0.0579913658541083,1.0,2.0681408586923586,0,0,1,0
456,0,3,Mr,male,29.75,0,1,35.6688,S,0,35.6688,0.3982360922659431,0.0026782705169410845,0.4786727623435591,0.4222626258836715,0,0,0,1
457,0,1,Mr,male,59.1,0,0,52.7865,C,0,52.7865,0.7964721845318862,2.3768833738373405,0.7109095047042059,1.155455468114721,0,1,0,0
458,1,3,Dr,female,43.6,4,0,9.7028,Q,0,9.7028,0.5861601085481684,1.1230442221689865,0.12639066532488513,-0.6899244869510804,1,0,1,0
459,1,1,Mr,male,13.8,0,0,161.3404,S,0,74.094775,0.18181818181818185,-1.2875626629740424,1.0,2.0681408586923586,0,0,0,1
460,1,1,Miss,female,41.9,0,1,70.1642,C,0,70.1642,0.5630936227951154,0.9855263797279411,0.9466736808330442,1.8997847445034015,1,1,0,0
461,0,1,Mr,male,47.7,0,1,25.7756,C,0,25.7756,0.6417910447761196,1.45470490099739,0.34445119405328933,-0.0014872603019853287,0,1,0,0
462,1,3,Col,male,29.75,1,0,1.9661,S,0,1.9661,0.3982360922659431,0.0026782705169410845,0.02142644673117122,-1.0213062182870054,0,0,0,1
463,0,3,Miss,female,34.9,0,0,12.6278,S,0,12.6278,0.46811397557666223,0.4192764402648134,0.16607429521703723,-0.5646396026777365,1,0,0,1
464,0,3,Mr,male,29.75,0,0,6.58,S,0,6.58,0.3982360922659431,0.0026782705169410845,0.08402347235831671,-0.8236816276720372,0,0,0,1
465,1,3,Miss,female,0.4,0,0,18.8035,S,0,18.8035,0.0,-2.3715268328034584,0.24986034414864874,-0.30011930872666287,1,0,0,1
466,0,2,Mrs,female,27.0,0,0,11.0947,S,0,11.0947,0.3609226594301222,-0.21977706284357335,0.1452746463323677,-0.6303060150125959,1,0,0,1
467,0,2,Mr,male,30.05,0,1,52.2517,S,1,52.2517,0.4023066485753054,0.0269461250653609,0.7036538447840955,1.1325486797012565,0,0,0,1
468,0,3,Master,male,50.4,1,0,4.7747,C,0,4.7747,0.67842605156038,1.6731155919331675,0.059530871659409984,-0.9010070299211546,0,1,0,0
469,0,1,Mr,male,34.5,1,0,19.6157,Q,0,19.6157,0.4626865671641792,0.38691930086692056,0.2608795045583602,-0.2653308017157876,0,0,1,0
470,0,3,Miss,female,25.4,0,0,9.5898,S,0,9.5898,0.33921302578019,-0.34920562043514547,0.12485758834101739,-0.694764552565743,1,0,0,1
471,1,1,Mr,male,28.4,0,0,108.2408,S,0,74.094775,0.3799185888738128,-0.10652707495094793,1.0,2.0681408586923586,0,0,0,1
472,0,3,Mr,male,44.5,1,2,19.9622,S,1,19.9622,0.5983717774762553,1.1958477858142458,0.2655804884071228,-0.25048936157879154,0,0,0,1
473,1,1,Col,male,27.0,0,0,70.261,Q,0,70.261,0.3609226594301222,-0.21977706284357335,0.9479869715590477,1.9039309246051657,0,0,1,0
474,1,3,Mrs,female,19.6,1,0,35.9984,S,1,35.9984,0.260515603799186,-0.8183841417045938,0.4831444629973893,0.43638019780042164,1,0,0,1
475,0,3,Mr,male,29.75,0,0,10.4669,S,0,10.4669,0.3982360922659431,0.0026782705169410845,0.1367572504874812,-0.6571962202593669,0,0,0,1
476,1,3,Miss,female,43.3,2,0,8.3753,Q,0,8.3753,0.5820895522388061,1.0987763676205664,0.10838040252767762,-0.7467845498135982,1,0,1,0
477,1,1,Miss,female,36.9,1,0,87.2717,S,0,74.094775,0.4952510176390774,0.5810621372542785,1.0,2.0681408586923586,1,0,0,1
478,0,3,Dr,male,30.3,2,0,3.741,C,0,3.741,0.4056987788331073,0.04716933718904403,0.04550660902025866,-0.9452829221855497,0,1,0,0
479,0,3,Mr,male,32.5,0,0,22.8951,Q,0,22.8951,0.435549525101764,0.2251336038774555,0.3053712980176161,-0.12486610103681184,0,0,1,0
480,1,3,Mrs,female,30.2,0,0,25.8066,Q,0,25.8066,0.4043419267299865,0.03908005233957066,0.34487177269488134,-0.00015945469088327264,1,0,1,0
481,0,3,Master,male,29.75,2,0,12.253,S,0,12.253,0.3982360922659431,0.0026782705169410845,0.16098936376965994,-0.5806932008403516,0,0,0,1
482,1,3,Mrs,female,20.1,0,0,4.4789,S,1,4.4789,0.26729986431478975,-0.7779377174572276,0.05551773739544466,-0.9136768653974127,1,0,0,1
483,0,3,Mr,male,25.4,0,2,12.9247,C,0,12.9247,0.33921302578019,-0.34920562043514547,0.1701023532392526,-0.5519226515185037,0,1,0,0
484,0,3,Rev,male,29.75,1,0,34.8158,S,0,34.8158,0.3982360922659431,0.0026782705169410845,0.4671000661733008,0.38572655535882994,0,0,0,1
485,1,3,Miss,female,14.1,1,0,16.394,S,0,16.394,0.1858887381275441,-1.2632948084256228,0.2171705300545836,-0.40332407066055087,1,0,0,1
486,0,3,Mr,male,19.7,2,0,19.4351,S,0,19.4351,0.2618724559023067,-0.8102948568551208,0.2584292947947627,-0.27306634021143417,0,0,0,1
487,0,1,Mr,male,11.5,0,0,134.4725,S,0,74.094775,0.15061058344640435,-1.4736162145119274,1.0,2.0681408586923586,0,0,0,1
488,0,2,Master,male,8.4,1,0,5.5141,S,0,5.5141,0.1085481682496608,-1.7243840448455983,0.06956235061402785,-0.8693367244744159,0,0,0,1
489,0,3,Rev,male,29.75,1,0,9.0647,S,0,9.0647,0.3982360922659431,0.0026782705169410845,0.11773352883456642,-0.7172558663202501,0,0,0,1
490,0,3,Mr,male,20.7,0,0,18.0388,S,0,18.0388,0.2754409769335143,-0.7294020083603883,0.23948561875427993,-0.3328732748818171,0,0,0,1
491,0,3,Mr,male,55.2,0,0,2.6275,S,0,2.6275,0.7435549525101766,2.061401264707884,0.030399695555331695,-0.9929768430875558,0,0,0,1
492,0,3,Miss,female,25.6,0,0,24.7696,S,0,24.7696,0.3419267299864316,-0.33302705073619876,0.33080273878097993,-0.044576694004202104,1,0,0,1
493,1,2,Mr,male,48.4,0,1,4.2925,S,1,4.2925,0.6512890094979649,1.5113298949437024,0.052988838724710594,-0.9216608320396524,0,0,0,1
494,1,1,Mrs,female,43.7,4,0,43.1281,S,0,43.1281,0.5875169606512891,1.1311335070184598,0.5798734804476721,0.7417626386221863,1,0,0,1
495,0,3,Mr,male,26.7,0,0,24.126,S,0,24.126,0.3568521031207599,-0.24404491739199316,0.322070983499411,-0.07214365178824453,0,0,0,1
496,1,2,Mrs,female,30.65,1,0,14.8206,S,0,14.8206,0.4104477611940299,0.07548183416220024,0.19582412893584447,-0.4707166302898429,1,0,0,1
497,0,3,Rev,male,33.6,4,0,12.6615,S,1,12.6615,0.4504748982360924,0.3141157372216614,0.16653150490160665,-0.5631961494811513,0,0,0,1
498,1,1,Miss,female,51.6,0,0,239.1392,S,0,74.094775,0.6947082767978292,1.7701870101268466,1.0,2.0681408586923586,1,0,0,1
499,0,3,Mr,male,29.75,1,1,21.4052,S,0,21.4052,0.3982360922659431,0.0026782705169410845,0.2851577458205845,-0.18868215200394176,0,0,0,1
500,0,3,Mr,male,35.7,0,0,10.2541,S,0,10.2541,0.4789687924016284,0.4839907190605998,0.13387018161874614,-0.6663109632929969,0,0,0,1
501,0,3,Mr,male,29.75,1,1,22.2615,S,0,22.2615,0.3982360922659431,0.0026782705169410845,0.29677521326559303,-0.1520047344301761,0,0,0,1
502,0,3,Mr,male,38.7,0,0,10.4494,S,1,10.4494,0.5196743554952512,0.7266692645447973,0.136519827060776,-0.6579457879430536,0,0,0,1
503,0,2,Mr,male,13.1,3,0,13.6146,S,0,13.6146,0.17232021709633652,-1.3441876569203552,0.17946226307261867,-0.5223725518056217,0,0,0,1
504,0,3,Master,male,30.5,0,0,11.0199,Q,0,11.0199,0.4084124830393488,0.06334790688799047,0.14425983077136498,-0.6335098814548681,0,0,1,0
505,0,3,Dr,female,45.3,0,2,8.1161,S,0,8.1161,0.6092265943012213,1.2605620646100315,0.10486382240185,-0.7578867180199745,1,0,0,1
506,0,1,Mr,male,51.8,1,0,37.6989,Q,0,37.6989,0.6974219810040706,1.786365579825793,0.5062152365466559,0.5092167604352326,0,0,1,0
507,0,3,Mr,male,19.3,0,0,7.4482,S,1,7.4482,0.25644504748982366,-0.8426519962530137,0.09580238773348473,-0.7864945040733647,0,0,0,1
508,0,3,Mr,male,37.4,0,0,6.78,S,0,6.78,0.5020352781546812,0.6215085615016447,0.0867368829492331,-0.8151151398584753,0,0,0,1
509,1,3,Miss,female,31.9,0,0,4.539,S,0,4.539,0.4274084124830394,0.17659789478061588,0.05633311727801502,-0.9111026358094374,1,0,0,1
510,0,3,Mr,male,29.75,1,0,17.4279,S,0,17.4279,0.3982360922659431,0.0026782705169410845,0.23119750610432588,-0.3590396119083421,0,0,0,1
511,0,3,Mr,male,34.9,0,2,19.1169,S,0,19.1169,0.46811397557666223,0.4192764402648134,0.2541122585446147,-0.28669562232281115,0,0,0,1
512,0,2,Mr,male,30.05,0,2,13.7589,S,0,13.7589,0.4023066485753054,0.0269461250653609,0.18141998881396484,-0.5161918308481367,0,0,0,1
513,1,3,Miss,female,37.6,0,0,40.8395,S,1,40.8395,0.5047489823609228,0.6376871312005915,0.5488239230558158,0.6437363185715964,1,0,0,1
514,1,3,Miss,female,50.6,0,2,27.0982,S,1,27.0982,0.6811397557666216,1.6892941616321142,0.36239497829101935,0.05516292360909996,1,0,0,1
515,0,1,Mr,male,30.799999999999997,0,0,105.6115,C,0,74.094775,0.41248303934871106,0.08761576143640999,1.0,2.0681408586923586,0,1,0,0
516,1,1,Mrs,female,34.2,0,0,128.1391,S,0,74.094775,0.45861601085481696,0.362651446318501,1.0,2.0681408586923586,1,0,0,1
517,1,2,Miss,female,56.7,0,0,4.7965,C,0,4.7965,0.763907734056988,2.1827405374499826,0.05982663341381987,-0.9000732827494763,1,1,0,0
518,0,3,Rev,male,45.8,0,0,25.3759,S,0,25.3759,0.616010854816825,1.3010084888573978,0.33902844298734297,-0.018607386197388918,0,0,0,1
519,0,3,Mrs,female,30.2,0,4,6.3166,S,0,6.3166,0.4043419267299865,0.03908005233957066,0.08044991061007985,-0.8349636921224983,1,0,0,1
520,0,1,Mr,male,12.1,1,0,216.4462,S,0,74.094775,0.15875169606512893,-1.4250805054150877,1.0,2.0681408586923586,0,0,0,1
521,0,3,Mr,male,15.4,0,0,57.9431,S,0,57.9431,0.20352781546811402,-1.1581341053824705,0.780869369969803,1.3763252234117902,0,0,0,1
522,0,2,Mr,male,43.2,0,0,70.4244,S,0,70.4244,0.5807327001356853,1.0906870827710937,0.9502038280118265,1.910929745148846,0,0,0,1
523,1,3,Mr,male,20.6,0,0,17.6024,S,0,17.6024,0.27408412483039357,-0.7374912932098613,0.2335649568449004,-0.35156535129100935,0,0,0,1
524,0,3,Mr,male,15.1,0,0,19.5353,S,0,19.5353,0.1994572591587517,-1.1824019599308904,0.2597887135008118,-0.2687745298168396,0,0,0,1
525,1,3,Miss,female,30.2,1,6,20.3595,C,1,20.3595,0.4043419267299865,0.03908005233957066,0.2709706785459782,-0.2334720335371506,1,1,0,0
526,0,3,Mr,male,19.7,0,1,8.6439,S,0,8.6439,0.2618724559023067,-0.8102948568551208,0.11202451295127835,-0.7352797566799845,0,0,0,1
527,0,2,Mr,male,42.0,0,1,25.3745,Q,0,25.3745,0.5644504748982362,0.9936156645774145,0.3390094491132065,-0.018667351612083865,0,0,1,0
528,0,2,Rev,male,27.4,0,0,8.3141,Q,0,8.3141,0.3663500678426052,-0.18741992344568045,0.10755009888685721,-0.7494058950845481,0,0,1,0
529,1,1,Mrs,female,9.8,1,0,213.1118,C,0,74.094775,0.12754409769335145,-1.6111340569529726,1.0,2.0681408586923586,1,1,0,0
530,0,3,Mr,male,30.2,0,0,19.2478,S,0,19.2478,0.4043419267299865,0.03908005233957066,0.2558881857763695,-0.2810888560488348,0,0,0,1
531,0,3,Mr,male,32.9,0,0,26.8552,S,0,26.8552,0.440976933514247,0.2574907432753484,0.35909818442305597,0.044754640915622215,0,0,0,1
532,0,3,Mr,male,22.7,0,0,11.893,S,1,11.893,0.3025780189959295,-0.5676163113709233,0.15610522470601046,-0.5961128789047632,0,0,0,1
533,1,3,Mr,male,46.5,4,0,7.6895,S,0,7.6895,0.6255088195386704,1.3576334828037107,0.09907611761142535,-0.7761590365263022,0,0,0,1
534,1,3,Mrs,female,23.6,0,0,3.3549,S,0,3.3549,0.31478968792401635,-0.4948127477256638,0.040268369874494586,-0.9618205269096309,1,0,0,1
535,1,3,Mrs,female,45.8,0,0,6.5256,S,0,6.5256,0.616010854816825,1.3010084888573978,0.08328542467758746,-0.8260117123573261,1,0,0,1
536,0,3,Mr,male,38.4,1,0,10.2446,S,1,10.2446,0.5156037991858888,0.7024014099963772,0.13374129461567763,-0.6667178714641411,0,0,0,1
537,1,3,Miss,female,43.1,1,0,19.6702,S,1,19.6702,0.5793758480325646,1.0825977979216204,0.2616189089443849,-0.26299643378659193,1,0,0,1
538,0,2,Mr,male,13.8,0,0,23.0958,C,1,23.0958,0.18181818181818185,-1.2875626629740424,0.3080942055456007,-0.11626963051590233,0,1,0,0
539,0,3,Mrs,female,31.1,1,2,13.7072,S,0,13.7072,0.4165535956580734,0.1118836159848301,0.18071857217621295,-0.5184062679479424,1,0,0,1
540,1,1,Mr,male,28.9,1,0,115.6854,S,1,74.094775,0.3867028493894166,-0.06608065070358167,1.0,2.0681408586923586,0,0,0,1
541,0,3,Mr,male,9.1,0,1,10.3536,C,0,10.3536,0.11804613297150611,-1.6677590508992852,0.13522010338772705,-0.6620491356057497,0,1,0,0
542,0,3,Mr,male,45.7,0,0,18.8426,S,0,18.8426,0.6146540027137044,1.292919204007925,0.2503908159191729,-0.29844456035911143,0,0,0,1
543,1,1,Mrs,female,31.2,0,0,83.2525,S,1,74.094775,0.4179104477611941,0.11997290083430318,1.0,2.0681408586923586,1,0,0,1
544,1,3,Mr,male,29.75,4,0,13.0655,C,1,13.0655,0.3982360922659431,0.0026782705169410845,0.17201259429525775,-0.545891844097756,0,1,0,0
545,0,3,Col,male,15.0,1,1,6.0848,S,0,6.0848,0.19810040705563095,-1.1904912447803635,0.07730506773520776,-0.8448922514984166,0,0,0,1
546,0,2,Dr,male,39.9,0,1,13.0159,S,0,13.0159,0.5359565807327002,0.823740682738476,0.1713396684687105,-0.5480163330755194,0,0,0,1
547,1,1,Mrs,female,7.6,1,0,9.6713,S,0,9.6713,0.09769335142469471,-1.789098323641384,0.1259633031568158,-0.6912737087817166,1,0,0,1
548,0,3,Master,male,38.7,0,0,5.3202,S,0,5.3202,0.5196743554952512,0.7266692645447973,0.06693169904613441,-0.8776419344096642,0,0,0,1
549,1,3,Mrs,female,44.8,0,0,23.6099,S,0,23.6099,0.6024423337856174,1.2201156403626652,0.31506902746955123,-0.09424947359114129,1,0,0,1
550,1,3,Miss,female,30.2,0,0,5.909,S,1,5.909,0.4043419267299865,0.03908005233957066,0.07491997982579225,-0.8524221942865378,1,0,0,1
551,0,3,Mr,male,40.0,0,2,15.1539,S,0,15.1539,0.537313432835821,0.8318299675879494,0.2003460276856066,-0.45644057834854185,0,0,0,1
552,0,3,Mrs,female,30.2,1,0,5.4413,S,1,5.4413,0.4043419267299865,0.03908005233957066,0.06857466915893429,-0.8724549260385523,1,0,0,1
553,0,3,Mr,male,29.75,0,0,21.1131,C,1,21.1131,0.3982360922659431,0.0026782705169410845,0.2811948096525511,-0.2011935074556491,0,1,0,0
554,1,3,Mrs,female,50.5,1,0,15.9886,S,0,15.9886,0.6797829036635008,1.6812048767826409,0.21167044678679614,-0.4206883414586409,1,0,0,1
555,0,3,Mr,male,23.0,0,0,3.6123,C,1,3.6123,0.30664857530529177,-0.5433484568225034,0.043760529305003966,-0.9507954570935767,0,1,0,0
556,1,2,Miss,female,30.65,0,0,33.2529,S,0,33.2529,0.4104477611940299,0.07548183416220024,0.44589611911058463,0.31878373633974955,1,0,0,1
557,1,1,Miss,female,24.9,4,0,164.3491,C,0,74.094775,0.3324287652645862,-0.38965204468251174,1.0,2.0681408586923586,1,1,0,0
558,1,1,Miss,female,36.8,0,0,34.2375,S,0,34.2375,0.49389416553595666,0.5729728524048051,0.459254239449666,0.3609565558459152,1,0,0,1
559,0,3,Miss,female,21.9,0,0,9.3093,S,0,9.3093,0.2917232021709634,-0.6323305901667093,0.12105202998725716,-0.7067790517242637,1,0,0,1
560,0,3,Mr,male,30.7,0,0,4.6347,S,1,4.6347,0.4111261872455903,0.07952647658693691,0.05763148424576851,-0.9070035713906479,0,0,0,1
561,0,3,Mr,male,11.8,1,1,20.474,C,1,20.474,0.15468113975576664,-1.4493483599635075,0.27252410610927785,-0.22856771926388636,0,1,0,0
562,1,1,Mrs,female,31.2,0,0,71.6825,S,0,71.6825,0.4179104477611941,0.11997290083430318,0.967272537333986,1.9648172367400578,1,0,0,1
563,1,1,Mr,male,39.4,0,0,71.3119,S,0,71.3119,0.5291723202170964,0.7832942584911098,0.9622445875090178,1.948943534821527,0,0,0,1
564,1,1,Mr,male,30.799999999999997,0,0,62.4928,S,0,62.4928,0.41248303934871106,0.08761576143640999,0.8425953907972644,1.571199971438605,0,0,0,1
565,1,2,Mrs,female,30.65,0,0,41.6843,C,1,41.6843,0.4104477611940299,0.07548183416220024,0.5602853693918466,0.6799211630960822,1,1,0,0
566,1,3,Mrs,female,39.0,1,0,44.1513,S,0,44.1513,0.5237449118046134,0.7509371190932169,0.5937552890308002,0.7855887902763692,1,0,0,1
567,1,2,Mrs,female,19.4,0,0,40.7993,S,0,40.7993,0.2578018995929444,-0.8345627114035405,0.5482785275270416,0.6420144545210705,1,0,0,1
568,0,2,Dr,male,31.5,0,0,31.5236,S,0,31.5236,0.4219810040705564,0.144240755382723,0.42243461443622615,0.24471359945978594,0,0,0,1
569,1,3,Mrs,female,46.5,0,3,7.6042,S,0,7.6042,0.6255088195386704,1.3576334828037107,0.09791884799439951,-0.7798126435787864,1,0,0,1
570,1,2,Mr,male,17.9,0,0,10.2415,Q,0,10.2415,0.237449118046133,-0.9559019841456393,0.1336992367515184,-0.6668506520252513,0,0,1,0
571,1,3,Miss,female,30.2,2,0,6.1661,C,1,6.1661,0.4043419267299865,0.03908005233957066,0.07840806914041526,-0.8414099742022038,1,1,0,0
572,0,3,Mr,male,29.75,0,0,8.6199,S,0,8.6199,0.3982360922659431,0.0026782705169410845,0.11169890368036837,-0.736307735217612,0,0,0,1
573,1,2,Mrs,female,30.65,5,0,11.9946,S,1,11.9946,0.4104477611940299,0.07548183416220024,0.15748363728619597,-0.5917611030954737,1,0,0,1
574,1,3,Mrs,female,30.2,0,0,18.0521,C,0,18.0521,0.4043419267299865,0.03908005233957066,0.2396660605585759,-0.3323036034422152,1,1,0,0
575,0,3,Mr,male,47.3,0,1,2.6808,S,0,2.6808,0.6363636363636365,1.4223477615994966,0.031122819477810915,-0.9906938740852416,0,0,0,1
576,1,3,Mrs,female,21.0,1,0,8.3921,Q,0,8.3921,0.2795115332428766,-0.7051341538119684,0.10860832901731461,-0.7460649648372589,1,0,1,0
577,0,1,Mr,male,30.799999999999997,0,0,8.7261,S,0,8.7261,0.41248303934871106,0.08761576143640999,0.11313972470414499,-0.7317589301886105,0,0,0,1
578,1,3,Miss,female,39.0,1,0,21.2035,S,0,21.2035,0.5237449118046134,0.7509371190932169,0.28242127123964533,-0.19732145496391912,1,0,0,1
579,1,3,Miss,female,12.3,4,0,8.4812,S,0,8.4812,0.16146540027137046,-1.4089019357161412,0.10981715343556786,-0.7422485945163172,1,0,0,1
580,0,2,Mr,male,39.7,0,0,51.6024,S,0,51.6024,0.5332428765264587,0.8075621130395298,0.6948447573006855,1.1047375770145278,0,0,0,1
581,1,3,Miss,female,30.2,0,0,18.9039,Q,0,18.9039,0.4043419267299865,0.03908005233957066,0.25122247626528876,-0.29581893184425473,1,0,1,0
582,1,3,Mrs,female,30.2,1,0,1.4565,S,1,1.4565,0.4043419267299865,0.03908005233957066,0.014512676545516273,-1.0431336292359614,1,0,0,1
583,0,3,Master,male,29.75,0,0,3.1773,C,0,3.1773,0.3982360922659431,0.0026782705169410845,0.03785886126976083,-0.9694275680880741,0,1,0,0
584,0,2,Mr,male,30.05,0,0,12.4615,S,0,12.4615,0.4023066485753054,0.0269461250653609,0.16381809431069025,-0.5717626372947133,0,0,0,1
585,1,3,Miss,female,43.7,0,2,44.7895,C,0,44.7895,0.5875169606512891,1.1311335070184598,0.6024137822264144,0.8129244528894454,1,1,0,0
586,1,1,Miss,female,34.5,0,0,30.488,S,0,30.488,0.4626865671641792,0.38691930086692056,0.40838457439646114,0.20035632556116204,1,0,0,1
587,1,1,Mrs,female,53.4,1,1,81.2538,C,0,74.094775,0.7191316146540028,1.915794137417365,1.0,2.0681408586923586,1,1,0,0
588,1,1,Mrs,female,55.1,0,1,144.2829,S,0,74.094775,0.7421981004070558,2.0533119798584107,1.0,2.0681408586923586,1,0,0,1
589,0,1,Mr,male,55.3,0,0,168.6127,C,0,74.094775,0.7449118046132972,2.0694905495573566,1.0,2.0681408586923586,0,1,0,0
590,1,1,Mrs,female,22.6,0,0,62.548,S,0,62.548,0.30122116689280876,-0.5757055962203963,0.8433442921203573,1.573564322075148,1,0,0,1
591,1,1,Mr,male,30.799999999999997,0,0,27.4561,S,0,27.4561,0.41248303934871106,0.08761576143640999,0.3672506265434642,0.07049265355146916,0,0,0,1
592,0,3,Mr,male,21.7,0,0,11.2565,C,0,11.2565,0.2890094979647219,-0.6485091598656557,0.14746979550041905,-0.6233757263714241,0,1,0,0
593,1,1,Mr,male,39.9,1,0,138.081,S,1,74.094775,0.5359565807327002,0.823740682738476,1.0,2.0681408586923586,0,0,0,1
594,0,2,Mr,male,30.05,0,1,27.7759,S,0,27.7759,0.4023066485753054,0.0269461250653609,0.37158937007833953,0.08419046756535481,0,0,0,1
595,0,3,Master,male,29.75,1,2,1.7582,S,0,1.7582,0.3982360922659431,0.0026782705169410845,0.018605856421913636,-1.0302110823692032,0,0,0,1
596,0,3,Mr,male,37.8,1,0,2.3555,S,1,2.3555,0.5074626865671642,0.6538657008995377,0.026709457151685417,-1.0046272665140004,0,0,0,1
597,1,3,Miss,female,8.4,0,0,23.0228,S,0,23.0228,0.1085481682496608,-1.7243840448455983,0.3071038106799162,-0.11939639856785247,1,0,0,1
598,1,1,Rev,male,31.7,0,0,21.442,S,0,21.442,0.4246947082767979,0.16041932508166942,0.28565701336931315,-0.18710591824624637,0,0,0,1
599,1,1,Rev,male,45.9,0,1,18.9155,S,0,18.9155,0.6173677069199458,1.3090977737068712,0.2513798540795619,-0.29532207555106804,0,0,0,1
600,1,1,Master,male,37.7,0,0,75.0279,S,0,74.094775,0.5061058344640436,0.6457764160500649,1.0,2.0681408586923586,0,0,0,1
601,1,1,Mr,male,30.799999999999997,1,0,137.4438,S,1,74.094775,0.41248303934871106,0.08761576143640999,1.0,2.0681408586923586,0,0,0,1
602,0,2,Mr,male,52.9,1,0,48.0479,C,0,48.0479,0.712347354138399,1.8753477131699987,0.6466206675736241,0.9524896723479972,0,1,0,0
603,0,1,Mr,male,30.799999999999997,0,0,22.7423,S,0,22.7423,0.41248303934871106,0.08761576143640999,0.303298252326156,-0.13141089772637315,0,0,0,1
604,0,1,Mr,male,30.799999999999997,0,2,265.0184,S,0,74.094775,0.41248303934871106,0.08761576143640999,1.0,2.0681408586923586,0,0,0,1
605,1,1,Miss,female,46.9,2,0,9.8242,S,1,9.8242,0.6309362279511534,1.3899906222016036,0.12803770555357136,-0.6847246288482484,1,0,0,1
606,0,3,Col,male,46.7,3,0,7.5046,S,0,7.5046,0.6282225237449119,1.3738120525026576,0.09656756952012316,-0.7840787545099402,0,0,0,1
607,1,1,Mr,male,37.8,0,2,105.2001,S,0,74.094775,0.5074626865671642,0.6538657008995377,1.0,2.0681408586923586,0,0,0,1
608,0,2,Mr,male,27.4,0,0,6.4158,S,1,6.4158,0.3663500678426052,-0.18741992344568045,0.08179576226317437,-0.8307147141669716,0,0,0,1
609,1,3,Mrs,female,29.7,0,0,8.8742,S,0,8.8742,0.3975576662143827,-0.0013663719077955988,0.11514900524671856,-0.7254154459626678,1,0,0,1
610,0,3,Mr,male,11.2,3,0,7.7804,S,0,7.7804,0.14654002713704206,-1.4978840690603472,0.10030936272499685,-0.7722655678150382,0,0,0,1
611,0,1,Mr,male,30.799999999999997,0,0,12.3849,S,0,12.3849,0.41248303934871106,0.08761576143640999,0.16277885805436929,-0.5750436021273075,0,0,0,1
612,0,3,Mr,male,29.75,0,0,10.8188,C,0,10.8188,0.3982360922659431,0.0026782705169410845,0.14153149642219853,-0.6421234849514046,0,1,0,0
613,0,3,Master,male,10.7,0,0,6.123,S,0,6.123,0.13975576662143827,-1.5383304933077135,0.07782332915807279,-0.8432560523260263,0,0,0,1
614,0,1,Mr,male,42.3,0,0,32.5137,S,0,32.5137,0.5685210312075984,1.017883519125834,0.4358673535665577,0.2871219973808246,0,0,0,1
615,0,3,Dr,male,35.6,0,0,7.8254,S,0,7.8254,0.47761194029850756,0.4759014342111264,0.10091988010795304,-0.7703381080569869,0,0,0,1
616,0,3,Mr,male,14.9,8,1,26.9194,S,0,26.9194,0.1967435549525102,-1.1985805296298369,0.3599691892227401,0.0475044835037756,0,0,0,1
617,0,1,Master,male,12.2,0,1,141.3832,C,0,74.094775,0.16010854816824968,-1.4169912205656146,1.0,2.0681408586923586,0,1,0,0
618,0,2,Mr,male,30.05,0,0,1.0088,Q,0,1.0088,0.4023066485753054,0.0269461250653609,0.00843870693774995,-1.0623097122066198,0,0,1,0
619,1,3,Miss,female,23.9,0,0,19.9169,S,0,19.9169,0.3188602442333786,-0.47054489317724424,0.2649659009082802,-0.25242967106856334,1,0,0,1
620,1,3,Miss,female,56.1,0,0,4.0998,S,1,4.0998,0.7557666214382633,2.134204828353143,0.05037446762036265,-0.9299146430480195,1,0,0,1
621,1,1,Mrs,female,43.5,0,0,216.5584,S,0,74.094775,0.5848032564450476,1.1149549373195131,1.0,2.0681408586923586,1,0,0,1
622,1,1,Mrs,female,36.6,0,1,26.7467,C,1,26.7467,0.49118046132971516,0.556794282705859,0.3576261591774838,0.04010732127676487,1,1,0,0
623,0,2,Dr,male,37.3,0,0,27.5844,Q,0,27.5844,0.5006784260515604,0.6134192766521713,0.36899127943753707,0.07598805548386915,0,0,1,0
624,0,3,Mr,male,49.0,0,0,7.8955,S,0,7.8955,0.6594301221166894,1.559865604040542,0.10187093052006922,-0.7673355540783332,0,0,0,1
625,0,3,Mr,male,42.0,0,0,15.2356,S,0,15.2356,0.5644504748982362,0.9936156645774145,0.20145445591199596,-0.4529411680767018,0,0,0,1
626,0,2,Mr,male,36.9,0,0,12.3655,S,1,12.3655,0.4952510176390774,0.5810621372542785,0.16251565722705041,-0.575874551445223,0,0,0,1
627,0,3,Miss,female,15.5,4,0,3.6414,S,1,3.6414,0.20488466757123477,-1.1500448205329974,0.0441553305459823,-0.9495490331167035,1,0,0,1
628,0,3,Master,male,74.1,2,0,5.4746,S,0,5.4746,1.0,3.5902761012583277,0.06902645202232187,-0.8710286058175943,0,0,0,1
629,1,1,Mrs,female,13.7,0,3,10.7,S,1,10.7,0.18046132971506107,-1.2956519478235158,0.13991973053119422,-0.6472119787126605,1,0,0,1
630,0,2,Mr,male,30.05,0,1,36.2961,S,0,36.2961,0.4023066485753054,0.0269461250653609,0.48718337466196837,0.4491314149109089,0,0,0,1
631,1,3,Dr,female,5.7,1,0,19.5008,S,0,19.5008,0.07191316146540028,-1.942794735781376,0.25932065017387873,-0.2702522489646789,1,0,0,1
632,0,3,Mr,male,37.5,0,0,13.921,S,1,13.921,0.503392130257802,0.6295978463511182,0.18361920809790255,-0.5092486924752447,0,0,0,1
633,0,3,Master,male,31.9,1,2,14.7141,S,1,14.7141,0.4274084124830394,0.17659789478061588,0.1943792377961815,-0.4752782850505647,0,0,0,1
634,1,3,Mr,male,40.8,3,0,4.71,S,1,4.71,0.548168249660787,0.8965442463837352,0.058653083333248535,-0.9037782887288418,0,0,0,1
635,0,1,Mr,male,4.5,0,0,78.653,S,0,74.094775,0.05563093622795116,-2.039866153975055,1.0,2.0681408586923586,0,0,0,1
636,0,2,Mr,male,45.8,0,0,10.0114,C,0,10.0114,0.616010854816825,1.3010084888573978,0.1305774578666691,-0.6767063962547544,0,1,0,0
637,0,3,Mr,male,18.0,3,1,40.4658,C,0,40.4658,0.23880597014925378,-0.947812699296166,0.5437539153666886,0.6277298360919559,0,1,0,0
638,1,2,Mrs,female,27.5,0,0,22.4491,S,0,22.4491,0.367706919945726,-0.17933063859620707,0.29932039239987257,-0.14396936886105496,1,0,0,1
639,0,2,Mr,male,30.05,0,0,8.8161,S,1,8.8161,0.4023066485753054,0.0269461250653609,0.11436075947005736,-0.7279040106725074,0,0,0,1
640,0,2,Mr,male,33.5,0,1,12.5617,S,0,12.5617,0.44911804613297157,0.306026452372188,0.16517751301673936,-0.5674708269001187,0,0,0,1
641,1,1,Mr,male,30.799999999999997,0,2,65.9848,S,0,65.9848,0.41248303934871106,0.08761576143640999,0.8899715397146647,1.7207708486633972,0,0,0,1
642,1,2,Miss,female,41.3,1,2,11.8223,S,0,11.8223,0.5549525101763908,0.9369906706311014,0.15514603406212152,-0.5991411323468574,1,0,0,1
643,0,1,Mr,male,35.9,1,0,27.4559,C,0,27.4559,0.4816824966078698,0.5001692887595459,0.3672479131328733,0.07048408706365562,0,1,0,0
644,1,2,Mr,male,24.8,8,0,23.4649,S,0,23.4649,0.3310719131614655,-0.3977413295319848,0.31310180479113686,-0.10046017725597371,0,0,0,1
645,0,1,Dr,male,27.3,0,0,124.0123,Q,0,74.094775,0.36499321573948446,-0.19550920829515353,1.0,2.0681408586923586,0,0,1,0
646,1,3,Mr,male,32.8,0,0,21.3467,Q,1,21.3467,0.43962008141112624,0.24940145842587502,0.28436407322274143,-0.19118784968940875,0,0,1,0
647,1,3,Miss,female,30.2,0,0,18.3415,C,0,18.3415,0.4043419267299865,0.03908005233957066,0.2435923656836319,-0.31990789557599103,1,1,0,0
648,0,3,Col,male,44.1,0,0,4.5518,S,1,4.5518,0.5929443690637721,1.1634906464163528,0.05650677555583368,-0.9105543805893693,0,0,0,1
649,0,3,Rev,male,33.9,0,1,18.3943,S,0,18.3943,0.45454545454545464,0.3383835917700809,0.24430870607963384,-0.3176463427932106,0,0,0,1
650,0,3,Mrs,female,30.2,4,0,18.3385,S,0,18.3385,0.4043419267299865,0.03908005233957066,0.24355166452476815,-0.32003639289319447,1,0,0,1
651,1,1,Mr,male,30.799999999999997,1,0,97.6179,S,0,74.094775,0.41248303934871106,0.08761576143640999,1.0,2.0681408586923586,0,0,0,1
652,0,3,Mr,male,28.0,0,0,22.5356,S,1,22.5356,0.3744911804613298,-0.13888421434884082,0.30049394248044387,-0.14026436288168953,0,0,0,1
653,1,3,Mr,male,27.1,0,0,6.1339,S,0,6.1339,0.36227951153324295,-0.21168777799409996,0.07797121003527772,-0.8427891787401872,0,0,0,1
654,1,3,Miss,female,22.7,0,0,8.5854,S,0,8.5854,0.3025780189959295,-0.5676163113709233,0.1112308403534353,-0.7377854543654513,1,0,0,1
655,0,2,Mr,male,34.7,0,0,31.8392,Q,0,31.8392,0.4654002713704207,0.40309787056586727,0.42671637634869225,0.25823151722958687,0,0,1,0
656,1,1,Mrs,female,34.2,1,0,65.0207,S,0,65.0207,0.45861601085481696,0.362651446318501,0.8768915439611522,1.6794760941581217,1,0,0,1
657,0,2,Mr,male,20.0,0,0,10.2356,S,1,10.2356,0.265943012211669,-0.786027002306701,0.13361919113908638,-0.6671033634157514,0,0,0,1
658,0,2,Mr,male,27.1,5,0,21.3125,C,1,21.3125,0.36227951153324295,-0.21168777799409996,0.28390008001169476,-0.19265271910552778,0,1,0,0
659,0,3,Mr,male,20.1,0,0,27.1889,S,0,27.1889,0.26729986431478975,-0.7779377174572276,0.36362550999399995,0.059047825832550395,0,0,0,1
660,1,3,Miss,female,19.5,0,1,6.3196,S,0,6.3196,0.25915875169606517,-0.8264734265540672,0.08049061176894359,-0.8348351948052949,1,0,0,1
661,0,2,Mr,male,4.6,1,0,62.3238,Q,1,62.3238,0.05698778833107191,-2.0317768691255815,0.84030255884794,1.5639612892361445,0,0,1,0
662,0,3,Mrs,female,26.4,0,0,5.7709,C,0,5.7709,0.3527815468113976,-0.268312771940413,0.0730463698127645,-0.8583373541218022,1,1,0,0
663,1,3,Mrs,female,5.0,0,1,10.109,S,0,10.109,0.06241519674355496,-1.9994197297276888,0.1319016022350363,-0.6725259502017361,1,0,0,1
664,0,1,Mr,male,30.799999999999997,0,0,192.0548,C,0,74.094775,0.41248303934871106,0.08761576143640999,1.0,2.0681408586923586,0,1,0,0
665,0,1,Mr,male,20.8,0,2,69.8388,S,0,69.8388,0.2767978290366351,-0.7213127235109149,0.9422589618016234,1.8858470688307367,0,0,0,1
666,0,1,Mr,male,45.0,1,1,137.5976,C,0,74.094775,0.605156037991859,1.2362942100616119,1.0,2.0681408586923586,0,1,0,0
667,0,2,Mr,male,15.0,0,0,4.3415,C,1,4.3415,0.19810040705563095,-1.1904912447803635,0.053653624319485095,-0.9195620425253297,0,1,0,0
668,1,1,Mrs,female,18.7,1,2,47.4485,S,0,47.4485,0.24830393487109909,-0.8911877053498533,0.6384885760326477,0.9268159083707521,1,0,0,1
669,1,1,Mrs,female,24.2,0,0,77.9397,S,0,74.094775,0.3229308005427409,-0.44627703862882445,1.0,2.0681408586923586,1,0,0,1
670,1,2,Mr,male,30.05,0,0,3.7273,S,1,3.7273,0.4023066485753054,0.0269461250653609,0.04532074039478089,-0.9458697266007786,0,0,0,1
671,0,1,Mr,male,49.6,1,0,20.9804,S,0,20.9804,0.667571234735414,1.6084013131373818,0.2793944617254781,-0.20687737211994747,0,0,0,1
672,1,3,Miss,female,13.2,0,0,18.9768,C,0,18.9768,0.17367706919945727,-1.3360983720708821,0.2522115144256778,-0.29269644703621134,1,1,0,0
673,0,1,Mr,male,24.2,0,2,55.9924,S,0,55.9924,0.3229308005427409,-0.44627703862882445,0.7544041197713002,1.2927719845222132,0,0,0,1
674,1,3,Miss,female,34.5,0,0,7.5905,C,0,7.5905,0.4626865671641792,0.38691930086692056,0.09773297936892174,-0.7803994479940154,1,1,0,0
675,0,2,Rev,male,42.5,0,0,12.0738,C,1,12.0738,0.57123473541384,1.0340620888247807,0.15855814788019887,-0.5883687739213032,0,1,0,0
676,1,3,Mrs,female,24.2,0,0,35.9703,Q,0,35.9703,0.3229308005427409,-0.44627703862882445,0.48276322880936556,0.4351766062626164,1,0,1,0
677,0,1,Mr,male,1.9,0,0,137.3979,C,0,74.094775,0.020352781546811402,-2.2501875600613594,1.0,2.0681408586923586,0,1,0,0
678,0,2,Rev,male,27.5,0,0,26.9492,S,0,26.9492,0.367706919945726,-0.17933063859620707,0.3603734874007867,0.0487808901879964,0,0,0,1
679,1,3,Master,male,49.3,0,0,10.4109,S,0,10.4109,0.6635006784260516,1.5841334585889615,0.1359974955220246,-0.6595948368471642,0,0,0,1
680,0,3,Mr,male,33.8,4,1,2.3546,S,1,2.3546,0.45318860244233383,0.33029430692060757,0.02669724680402629,-1.0046658157091612,0,0,0,1
681,0,3,Mr,male,29.75,0,0,11.2827,S,0,11.2827,0.3982360922659431,0.0026782705169410845,0.1478252522878291,-0.6222535164678475,0,0,0,1
682,1,2,Mrs,female,14.3,1,1,13.0388,S,0,13.0388,0.18860244233378565,-1.2471162387266763,0.1716503539813704,-0.5470354702208666,1,0,0,1
683,1,1,Miss,female,12.8,0,0,11.8316,S,0,11.8316,0.16824966078697426,-1.368455511468775,0.15527220765459912,-0.5987427906635268,1,0,0,1
684,0,3,Mr,male,30.0,0,1,37.7765,S,0,37.7765,0.40162822252374497,0.022901482640624214,0.5072680398559314,0.5125405577068946,0,0,0,1
685,0,3,Mr,male,9.0,1,0,21.4447,Q,0,21.4447,0.11668928086838536,-1.6758483357487586,0.2856936444122905,-0.18699027066076326,0,0,1,0
686,0,3,Mr,male,41.0,0,0,16.4821,C,0,16.4821,0.5508819538670287,0.9127228160826819,0.21836578741988227,-0.3995505327786768,0,1,0,0
687,0,3,Mr,male,29.75,1,0,1.7274,S,0,1.7274,0.3982360922659431,0.0026782705169410845,0.018187991190912516,-1.0315303214924916,0,0,0,1
688,0,2,Mr,male,29.3,0,1,38.2935,S,0,38.2935,0.3921302578018997,-0.03372351130568849,0.5142822062334503,0.5346849287049523,0,0,0,1
689,0,3,Master,male,2.4,0,0,8.4516,S,1,8.4516,0.0271370420624152,-2.2097411358139936,0.10941556866811222,-0.7435164347127242,0,0,0,1
690,1,1,Mr,male,24.0,0,2,47.9823,S,0,47.9823,0.32021709633649936,-0.4624556083277709,0.6457306688998036,0.9496798643451491,0,0,0,1
691,1,2,Mr,male,30.05,0,0,23.0518,C,0,23.0518,0.4023066485753054,0.0269461250653609,0.3074972552155991,-0.11815425783488599,0,1,0,0
692,0,2,Mr,male,0.4,1,0,19.1686,S,1,19.1686,0.0,-2.3715268328034584,0.25481367518236664,-0.28448118522300536,0,0,0,1
693,0,3,Mr,male,37.6,0,0,3.0206,S,0,3.0206,0.5047489823609228,0.6376871312005915,0.03573290407177785,-0.9761394112899999,0,0,0,1
694,1,1,Miss,female,31.2,4,2,57.0993,S,1,57.0993,0.4179104477611941,0.11997290083430318,0.7694214906867268,1.3401832113263719,1,0,0,1
695,0,1,Rev,male,46.1,3,0,19.6851,S,1,19.6851,0.6200814111261874,1.325276343405818,0.26182105803340816,-0.2623582304444817,0,0,0,1
696,0,3,Miss,female,30.2,0,1,3.4732,S,0,3.4732,0.4043419267299865,0.03908005233957066,0.04187335223902162,-0.9567534493679092,1,0,0,1
697,0,2,Mr,male,23.7,0,1,23.7543,S,0,23.7543,0.3161465400271371,-0.4867234628761907,0.3170281099161929,-0.0880644693897495,0,0,0,1
698,0,3,Mr,male,41.4,1,0,11.3805,S,0,11.3805,0.5563093622795117,0.9450799554805748,0.14915211006678722,-0.6180645039270158,0,0,0,1
699,1,1,Mrs,female,47.4,4,0,194.4327,C,0,74.094775,0.6377204884667572,1.43043704644897,1.0,2.0681408586923586,1,1,0,0
700,0,3,Miss,female,31.7,0,0,4.7988,C,0,4.7988,0.4246947082767979,0.16041932508166942,0.05985783763561541,-0.8999747681396203,1,1,0,0
701,0,3,Mrs,female,12.5,0,0,34.4712,S,0,34.4712,0.16417910447761197,-1.392723366017195,0.46242485972515185,0.37096649685606264,1,0,0,1
702,0,1,Mr,male,30.799999999999997,0,1,39.7287,C,0,39.7287,0.41248303934871106,0.08761576143640999,0.5337536406338663,0.5961580452550732,0,1,0,0
703,0,2,Mr,male,30.05,1,0,11.1233,S,0,11.1233,0.4023066485753054,0.0269461250653609,0.14566266404686876,-0.6290810072552565,0,0,0,1
704,0,1,Mrs,female,28.6,0,0,32.3972,Q,0,32.3972,0.38263229308005436,-0.0903485052520012,0.4342867918973489,0.28213201822942463,1,0,1,0
705,0,1,Mr,male,0.4,1,1,87.4981,S,1,74.094775,0.0,-2.3715268328034584,1.0,2.0681408586923586,0,0,0,1
706,0,3,Col,male,8.4,0,0,19.2328,S,0,19.2328,0.1085481682496608,-1.7243840448455983,0.2556846799820508,-0.281731342634852,0,0,0,1
707,0,2,Mr,male,23.5,0,0,9.4145,S,0,9.4145,0.3134328358208956,-0.5029020325751371,0.12247928395807917,-0.70227307913433,0,0,0,1
708,0,3,Mr,male,44.7,0,0,30.1381,S,0,30.1381,0.6010854816824968,1.2120263555131925,0.4036374625676529,0.18536925513133543,0,0,0,1
709,1,2,Mrs,female,25.7,0,0,6.792,S,1,6.792,0.3432835820895523,-0.3249377658867257,0.08689968758468808,-0.8146011505896616,1,0,0,1
710,0,3,Mr,male,45.0,0,0,11.8004,S,1,11.8004,0.605156037991859,1.2362942100616119,0.15484891560241615,-0.6000791627624424,0,0,0,1
711,0,3,Mr,male,22.1,0,1,16.7872,S,0,16.7872,0.294436906377205,-0.6161520204677625,0.2225050952763252,-0.386482355619088,0,0,0,1
712,0,3,Mr,male,1.2,0,0,22.2352,S,1,22.2352,0.01085481682496608,-2.3068125540076725,0.2964183997728875,-0.1531312275776596,0,0,0,1
713,0,3,Master,male,29.75,0,0,28.0769,Q,0,28.0769,0.3982360922659431,0.0026782705169410845,0.3756730530176687,0.09708303172476551,0,0,1,0
714,0,2,Mr,male,34.7,0,0,14.2914,C,1,14.2914,0.4654002713704207,0.40309787056586727,0.1886444445122797,-0.49338355704452797,0,1,0,0
715,0,2,Mr,male,30.05,4,0,25.6098,C,0,25.6098,0.4023066485753054,0.0269461250653609,0.3422017766734196,-0.008588878699428247,0,1,0,0
716,0,3,Mr,male,11.5,0,0,17.2382,C,0,17.2382,0.15061058344640435,-1.4736162145119274,0.22862383615884166,-0.3671649255995057,0,1,0,0
717,0,3,Miss,female,24.6,0,2,5.3643,Q,0,5.3643,0.328358208955224,-0.41391989923093125,0.06753000608143148,-0.8757530238467738,1,0,1,0
718,0,3,Dr,male,68.6,0,0,9.5962,S,0,9.5962,0.9253731343283582,3.145365434537299,0.1249444174799267,-0.694490424955709,0,0,0,1
719,1,1,Mr,male,11.8,4,0,28.1333,S,1,28.1333,0.15468113975576664,-1.4493483599635075,0.37643823480430705,0.09949878128819,0,0,0,1
720,0,3,Mrs,female,39.3,0,0,7.5936,C,0,7.5936,0.5278154681139756,0.7752049736416364,0.09777503723308095,-0.7802666674329052,1,1,0,0
721,1,3,Miss,female,0.4,1,0,10.1269,C,1,10.1269,0.0,-2.3715268328034584,0.1321444524829233,-0.6717592495424223,1,1,0,0
722,1,1,Mr,male,30.799999999999997,1,0,102.1468,S,0,74.094775,0.41248303934871106,0.08761576143640999,1.0,2.0681408586923586,0,0,0,1
723,0,1,Mr,male,30.799999999999997,0,0,46.337,S,0,46.337,0.41248303934871106,0.08761576143640999,0.6234087966736299,0.8792076523468815,0,0,0,1
724,0,3,Mr,male,29.75,0,0,22.1056,S,0,22.1056,0.3982360922659431,0.0026782705169410845,0.2946601097099737,-0.15868231168084776,0,0,0,1
725,0,3,Mrs,female,11.0,0,0,2.9814,Q,0,2.9814,0.14382632293080055,-1.5140626387592937,0.03520107559595823,-0.9778184429014579,1,0,1,0
726,1,3,Mrs,female,33.9,0,0,7.9414,S,1,7.9414,0.45454545454545464,0.3383835917700809,0.10249365825068453,-0.7653695451251209,1,0,0,1
727,1,1,Miss,female,16.5,0,0,42.4999,Q,0,42.4999,0.2184531886024424,-1.0691519720382647,0.5713506577816035,0.7148553003997877,1,0,1,0
728,0,3,Master,male,19.3,1,2,21.3729,C,0,21.3729,0.25644504748982366,-0.8426519962530137,0.28471953001015154,-0.190065639785832,0,1,0,0
729,1,1,Miss,female,36.1,0,0,53.8295,S,0,53.8295,0.4843962008141114,0.5163478584584927,0.7250599409358349,1.2001297020624473,1,0,0,1
730,1,1,Mr,male,30.799999999999997,1,0,45.5111,S,0,45.5111,0.41248303934871106,0.08761576143640999,0.6122037676384406,0.8438323409207771,0,0,0,1
731,0,1,Mr,male,35.2,0,0,21.9072,S,1,21.9072,0.47218453188602455,0.44354429481323354,0.29196840640378463,-0.16718026759190124,0,0,0,1
732,0,3,Mr,male,26.9,1,0,17.7632,S,0,17.7632,0.3595658073270014,-0.2278663476930467,0.2357465389599972,-0.34467789508890545,0,0,0,1
733,1,3,Miss,female,30.7,0,0,2.0642,S,1,2.0642,0.4111261872455903,0.07952647658693691,0.022757374626015705,-1.0171043560144533,1,0,0,1
734,1,3,Mr,male,36.2,0,0,18.2438,C,0,18.2438,0.48575305291723214,0.5244371433079661,0.24226686460996924,-0.324092624872916,0,1,0,0
735,1,2,Mrs,female,30.65,0,0,15.4254,S,0,15.4254,0.4104477611940299,0.07548183416220024,0.2040294825627756,-0.4448115711416315,1,0,0,1
736,0,3,Mr,male,29.75,3,0,7.109,S,1,7.109,0.3982360922659431,0.0026782705169410845,0.09120044337129055,-0.8010232674051659,0,0,0,1
737,0,2,Mr,male,22.0,0,0,12.734,S,0,12.734,0.2930800542740842,-0.6242413053172359,0.16751511624081383,-0.560090797648735,0,0,0,1
738,0,3,Mr,male,47.0,0,0,8.7518,Q,0,8.7518,0.6322930800542742,1.398079907051077,0.11348839796507772,-0.7306581365045677,0,0,1,0
739,0,2,Rev,male,31.4,0,0,13.0349,S,0,13.0349,0.42062415196743563,0.13615147053324964,0.17159744247484754,-0.5472025167332311,0,0,0,1
740,1,2,Mrs,female,17.4,0,0,1.7335,C,0,1.7335,0.2306648575305292,-0.9963484083930056,0.018270750213935465,-1.031269043614178,1,1,0,0
741,0,3,Mr,male,35.5,0,0,22.6136,S,1,22.6136,0.4762550881953868,0.46781214936165305,0.30155217261090134,-0.1369234326344002,0,0,0,1
742,1,2,Miss,female,36.5,0,0,6.0778,S,0,6.0778,0.4898236092265944,0.5487049978563856,0.07721009836452568,-0.8451920785718914,1,0,0,1
743,0,3,Miss,female,37.2,0,0,4.4875,S,1,4.4875,0.49932157394843973,0.6053299918026985,0.05563441405085406,-0.9133085064214295,1,0,0,1
744,1,3,Mrs,female,15.5,0,0,9.0694,S,0,9.0694,0.20488466757123477,-1.1500448205329974,0.11779729398345294,-0.7170545538566313,1,0,0,1
745,0,1,Mr,male,19.8,0,1,119.5259,S,0,74.094775,0.2632293080054275,-0.8022055720056475,1.0,2.0681408586923586,0,0,0,1
746,1,3,Master,male,19.9,0,0,13.6311,S,0,13.6311,0.2645861601085482,-0.7941162871561743,0.17968611944636928,-0.5216658165610029,0,0,0,1
747,0,2,Mr,male,30.05,1,0,7.0574,S,0,7.0574,0.4023066485753054,0.0269461250653609,0.09050038343883413,-0.8032334212610648,0,0,0,1
748,0,3,Mrs,female,37.5,0,0,28.8885,S,1,28.8885,0.503392130257802,0.6295978463511182,0.3866840731956074,0.13184583927220012,1,0,0,1
749,0,3,Mrs,female,34.0,0,2,9.5021,S,0,9.5021,0.4559023066485754,0.3464728766195543,0.12366775779690055,-0.6985209574719898,1,0,0,1
750,0,3,Master,male,35.1,0,0,36.2232,C,0,36.2232,0.4708276797829038,0.4354550099637602,0.48619433650157934,0.4460089301028654,0,1,0,0
751,1,1,Mrs,female,49.3,4,0,96.2584,S,1,74.094775,0.6635006784260516,1.5841334585889615,1.0,2.0681408586923586,1,0,0,1
752,0,3,Mr,male,29.75,3,0,16.1027,S,1,16.1027,0.3982360922659431,0.0026782705169410845,0.21321844752891392,-0.4158011601610039,0,0,0,1
753,0,3,Mr,male,27.6,1,0,5.8009,Q,0,5.8009,0.36906377204884677,-0.17124135374673372,0.07345338140140195,-0.8570523809497679,0,0,1,0
754,1,2,Mr,male,12.5,0,0,2.8575,C,1,2.8575,0.16417910447761197,-1.392723366017195,0.033520117734885536,-0.9831253821019598,0,1,0,0
755,1,1,Miss,female,19.3,0,0,31.0305,Q,0,31.0305,0.25644504748982366,-0.8426519962530137,0.41574470062432184,0.22359292375544892,1,0,1,0
756,0,3,Mr,male,25.9,0,2,20.0028,S,0,20.0028,0.3459972862957938,-0.30875919618777925,0.26613131075707885,-0.24875036455263838,0,0,0,1
757,0,3,Mrs,female,41.7,0,2,13.0217,C,0,13.0217,0.5603799185888739,0.969347810028995,0.17141835737584704,-0.5477679049289262,1,1,0,0
758,0,3,Miss,female,29.3,0,0,3.4661,S,0,3.4661,0.3921302578018997,-0.03372351130568849,0.04177702616304409,-0.9570575596852905,1,0,0,1
759,0,3,Miss,female,20.2,1,0,35.573,S,0,35.573,0.2686567164179105,-0.7698484326077545,0.4773730386705102,0.4181592782209755,1,0,0,1
760,0,3,Master,male,19.1,1,2,11.8411,C,0,11.8411,0.25373134328358216,-0.8588305659519602,0.15540109465766766,-0.5983358824923825,0,1,0,0
761,1,1,Mr,male,28.7,1,0,82.0809,S,0,74.094775,0.3839891451831751,-0.08225922040252812,1.0,2.0681408586923586,0,0,0,1
762,0,2,Master,male,42.6,0,0,25.9599,S,0,25.9599,0.5725915875169608,1.042151373674254,0.34695160191281876,0.006406758218212053,0,0,0,1
763,0,2,Mr,male,52.8,1,0,9.5027,S,1,9.5027,0.7109905020352782,1.8672584283205254,0.1236758980286733,-0.6984952580085492,0,0,0,1
764,0,3,Mr,male,26.7,0,0,27.249,C,1,27.249,0.3568521031207599,-0.24404491739199316,0.3644408898765703,0.061622055420525707,0,1,0,0
765,1,1,Miss,female,29.1,0,0,14.562,S,0,14.562,0.3894165535956582,-0.04990208100463494,0.19231568904178956,-0.48179309903277856,1,0,0,1
766,0,3,Mr,male,12.1,1,0,17.444,S,0,17.444,0.15875169606512893,-1.4250805054150877,0.2314159356568946,-0.35835000963935043,0,0,0,1
767,0,3,Col,male,57.8,0,0,51.764,S,0,51.764,0.7788331071913163,2.2717226707941878,0.697037193058146,1.1116592991678858,0,0,0,1
768,0,3,Master,male,9.4,0,0,1.6066,S,0,1.6066,0.1221166892808684,-1.6434911963508658,0.01654909119399902,-1.036704480131883,0,0,0,1
769,0,2,Mr,male,46.7,0,0,4.409,Q,0,4.409,0.6282225237449119,1.3738120525026576,0.05456940039391937,-0.9166708528882527,0,0,1,0
770,0,3,Mr,male,24.4,1,0,21.2773,S,0,21.2773,0.32564450474898243,-0.430098468929878,0.2834225197476935,-0.19416042096071467,0,0,0,1
771,1,1,Mr,male,30.799999999999997,1,1,11.7078,S,0,11.7078,0.41248303934871106,0.08761576143640999,0.1535926064988219,-0.6040454466201216,0,0,0,1
772,0,3,Mrs,female,13.6,0,0,16.4229,Q,0,16.4229,0.17910447761194032,-1.303741232672989,0.21756261788497103,-0.4020862131714912,1,0,1,0
773,0,1,Mr,male,64.6,1,0,70.7294,S,0,70.7294,0.8710990502035278,2.821794040558369,0.9543417791629739,1.9239936390645278,0,0,0,1
774,0,2,Mrs,female,32.9,0,2,26.1192,S,0,26.1192,0.440976933514247,0.2574907432753484,0.34911283344848365,0.013229965761714094,1,0,0,1
775,1,3,Miss,female,30.0,0,2,6.5033,C,0,6.5033,0.40162822252374497,0.022901482640624214,0.0829828793967003,-0.8269668757485383,1,1,0,0
776,0,1,Mr,male,42.6,1,0,58.7212,S,0,58.7212,0.5725915875169608,1.042151373674254,0.7914258938737633,1.4096531442504527,0,0,0,1
777,1,1,Miss,female,20.3,1,0,73.8908,S,0,73.8908,0.27001356852103126,-0.7617591477582811,0.9972326603735892,2.0594041119335023,1,0,0,1
778,0,3,Mr,male,29.7,5,0,21.0496,S,0,21.0496,0.3975576662143827,-0.0013663719077955988,0.2803333017899352,-0.20391336733645493,0,0,0,1
779,0,3,Miss,female,30.5,0,1,4.5839,C,0,4.5839,0.4084124830393488,0.06334790688799047,0.05694227795567575,-0.9091794592952926,1,1,0,0
780,0,3,Master,male,22.3,0,2,7.3382,C,0,7.3382,0.2971506105834465,-0.5999734507688161,0.09431001190848072,-0.7912060723708237,0,1,0,0
781,1,3,Mrs,female,47.1,0,1,7.5848,Q,1,7.5848,0.633649932157395,1.4061691919005503,0.09765564716708063,-0.7806435928967018,1,0,1,0
782,1,3,Mrs,female,26.5,2,0,25.5499,C,1,25.5499,0.35413839891451837,-0.2602234870909396,0.3413891102014402,-0.011154541799590016,1,1,0,0
783,1,2,Miss,female,7.2,0,0,3.6963,C,0,3.6963,0.09226594301221168,-1.8214554630392772,0.044900161753188846,-0.9471975322118806,1,1,0,0
784,1,2,Miss,female,30.65,1,0,47.6966,C,0,47.6966,0.4104477611940299,0.07548183416220024,0.6418545618706795,0.9374426365034755,1,1,0,0
785,0,1,Mr,male,33.3,0,0,109.2201,S,0,74.094775,0.44640434192673,0.2898478826732413,1.0,2.0681408586923586,0,0,0,1
786,0,3,Master,male,16.7,0,0,15.5813,S,0,15.5813,0.2211668928086839,-1.0529734023393182,0.20614458611839492,-0.4381339938909599,0,0,0,1
787,0,3,Rev,male,17.9,0,0,4.752,C,0,4.752,0.237449118046133,-0.9559019841456393,0.059222899557340974,-0.9019793262879938,0,1,0,0
788,1,2,Mr,male,21.8,0,0,27.4964,S,0,27.4964,0.29036635006784267,-0.6404198750161824,0.3677973787775339,0.07221880084590199,0,0,0,1
789,1,3,Miss,female,47.4,0,0,10.2095,S,0,10.2095,0.6377204884667572,1.43043704644897,0.1332650910569718,-0.6682212900754212,1,0,0,1
790,0,3,Mr,male,22.6,1,0,12.5076,S,1,12.5076,0.30122116689280876,-0.5757055962203963,0.1644435354518965,-0.5697880618536872,0,0,0,1
791,1,1,Mrs,female,31.2,0,0,204.7461,S,1,74.094775,0.4179104477611941,0.11997290083430318,1.0,2.0681408586923586,1,0,0,1
792,0,3,Mr,male,20.8,0,0,9.4019,S,0,9.4019,0.2767978290366351,-0.7213127235109149,0.12230833909085143,-0.7028127678665844,0,0,0,1
793,1,3,Miss,female,34.4,0,0,29.0721,C,0,29.0721,0.4613297150610584,0.3788300160174472,0.38917498411806856,0.13970987508504995,1,1,0,0
794,0,3,Mr,male,23.2,0,0,8.665,Q,0,8.665,0.3093622795115333,-0.527169887123557,0.11231077776862002,-0.7343759922156536,0,0,1,0
795,0,1,Mrs,female,31.2,0,0,26.022,C,0,26.022,0.4179104477611941,0.11997290083430318,0.3477941159012983,0.009066652684322937,1,1,0,0
796,1,3,Miss,female,13.5,0,4,3.3622,C,1,3.3622,0.17774762550881956,-1.3118305175224623,0.040367409361063034,-0.961507850104436,1,1,0,0
797,0,3,Mr,male,29.75,0,0,13.4588,S,0,13.4588,0.3982360922659431,0.0026782705169410845,0.1773485162222948,-0.5290458458123865,0,0,0,1
798,0,3,Mr,male,31.4,0,0,19.1228,S,0,19.1228,0.42062415196743563,0.13615147053324964,0.25419230415704674,-0.28644291093231106,0,0,0,1
799,1,3,Mrs,female,20.4,0,0,17.4739,S,0,17.4739,0.271370420624152,-0.7536698629088081,0.23182159054023663,-0.35706931971122285,1,0,0,1
800,0,3,Mr,male,27.3,0,0,23.3065,S,1,23.3065,0.36499321573948446,-0.19550920829515353,0.3109527836031311,-0.10724483560431482,0,0,0,1
801,0,3,Mr,male,51.9,0,1,15.9985,S,1,15.9985,0.6987788331071915,1.7944548646752663,0.2118047606110465,-0.4202643003118696,0,0,0,1
802,0,1,Mr,male,31.7,0,0,18.67,S,0,18.67,0.4246947082767979,0.16041932508166942,0.2480491425792121,-0.30583743934221536,0,0,0,1
803,0,3,Master,male,19.5,0,1,13.464,S,0,13.464,0.25915875169606517,-0.8264734265540672,0.17741906489765863,-0.5288231171292338,0,0,0,1
804,0,3,Mr,male,12.2,2,0,6.558,S,0,6.558,0.16010854816824968,-1.4169912205656146,0.08372499719331591,-0.824623941331529,0,0,0,1
805,0,2,Mr,male,37.0,1,1,17.8221,Q,0,17.8221,0.49660786974219817,0.5891514221037518,0.23654563837902204,-0.3421550644278115,0,0,1,0
806,0,3,Mr,male,29.75,1,0,8.4698,S,1,8.4698,0.3982360922659431,0.0026782705169410845,0.10966248903188562,-0.7427368843216902,0,0,0,1
807,0,3,Mr,male,39.8,0,1,7.5086,S,0,7.5086,0.5345997286295794,0.8156513978890026,0.09662183773194148,-0.7839074247536689,0,0,0,1
808,0,3,Mrs,female,8.5,1,0,8.8857,S,1,8.8857,0.10990502035278156,-1.716294759996125,0.11530502635569626,-0.724922872913388,1,0,0,1
809,0,3,Mr,male,12.7,1,0,31.2088,S,0,31.2088,0.16689280868385348,-1.3765447963182484,0.41816370616612375,0.23122994764123944,0,0,0,1
810,1,1,Dr,female,46.3,1,0,7.504,S,1,7.504,0.6227951153324288,1.341454913104764,0.0965594292883504,-0.7841044539733808,1,0,0,1
811,0,3,Mr,male,34.5,0,2,3.5727,S,0,3.5727,0.4626865671641792,0.38691930086692056,0.04322327400800253,-0.9524916216806619,0,0,0,1
812,0,3,Mr,male,37.4,0,0,4.0003,S,1,4.0003,0.5020352781546812,0.6215085615016447,0.04902454585138175,-0.9341764707352666,0,0,0,1
813,0,1,Mr,male,15.7,1,0,51.1007,Q,0,51.1007,0.20759837177747628,-1.133866250834051,0.6880381668333718,1.0832485423342075,0,0,1,0
814,0,3,Mr,male,29.75,0,1,16.6551,S,0,16.6551,0.3982360922659431,0.0026782705169410845,0.22071288758102497,-0.3921405208199456,0,0,0,1
815,0,3,Mr,male,44.1,0,0,7.8867,C,1,7.8867,0.5929443690637721,1.1634906464163528,0.10175154045406891,-0.76771247954213,0,1,0,0
816,0,3,Mr,male,44.8,0,0,18.1796,C,0,18.1796,0.6024423337856174,1.2201156403626652,0.2413958598102851,-0.32684246746106943,0,1,0,0
817,0,3,Master,male,13.9,0,0,22.2766,S,0,22.2766,0.1831750339213026,-1.2794733781245693,0.2969800757652072,-0.1513579646002523,0,0,0,1
818,0,2,Mr,male,30.05,0,0,3.04,S,1,3.04,0.4023066485753054,0.0269461250653609,0.035996104899096736,-0.9753084619720844,0,0,0,1
819,1,1,Miss,female,28.1,0,2,132.7451,S,0,74.094775,0.3758480325644506,-0.13079492949936747,1.0,2.0681408586923586,1,0,0,1
820,0,2,Mr,male,18.1,0,1,28.101,S,0,28.101,0.24016282225237456,-0.9397234144466926,0.3760000189938741,0.09811529350629976,0,0,0,1
821,0,3,Mr,male,17.8,0,0,24.519,S,0,24.519,0.23609226594301227,-0.9639912689951124,0.32740283531056164,-0.05531050323459536,0,0,0,1
822,1,1,Mrs,female,11.6,0,4,61.9169,C,1,61.9169,0.1519674355495251,-1.465526929662454,0.8347821250007207,1.546532769779453,1,1,0,0
823,0,2,Mr,male,22.9,0,0,19.0973,S,0,19.0973,0.305291723202171,-0.5514377416719768,0.25384634430670494,-0.28753513812854026,0,0,0,1
824,0,2,Dr,male,13.0,0,0,28.437,Q,0,28.437,0.17096336499321577,-1.3522769417698286,0.38055854878661366,0.11250699303308398,0,0,1,0
825,1,3,Miss,female,13.8,1,0,11.9474,C,0,11.9474,0.18181818181818185,-1.2875626629740424,0.1568432723867397,-0.5937827942194743,1,1,0,0
826,0,3,Mr,male,34.0,1,0,2.2367,Q,0,2.2367,0.4559023066485754,0.3464728766195543,0.025097691260681083,-1.009715760275256,0,0,1,0
827,1,2,Miss,female,30.65,0,0,6.3861,S,0,6.3861,0.4104477611940299,0.07548183416220024,0.08139282079042329,-0.8319868376072856,1,0,0,1
828,1,2,Miss,female,36.7,0,2,15.3885,Q,0,15.3885,0.49253731343283597,0.5648835675553323,0.20352885830875153,-0.44639208814323367,1,0,1,0
829,0,3,Mr,male,5.8,0,1,30.6886,S,0,30.6886,0.07327001356852103,-1.9347054509319026,0.4111061252191503,0.20894851283816476,0,0,0,1
830,0,3,Dr,male,29.8,1,0,15.4245,S,0,15.4245,0.39891451831750346,0.006722912941677768,0.20401727221511648,-0.4448501203367925,0,0,0,1
831,0,1,Mr,male,59.8,0,0,34.1975,C,0,34.1975,0.8059701492537314,2.433508367783653,0.4587115573314827,0.3592432582832028,0,1,0,0
832,0,3,Master,male,24.3,0,0,5.9946,S,0,5.9946,0.3242876526458617,-0.4381877537793511,0.07608131955870447,-0.8487557375023331,0,0,0,1
833,0,1,Mr,male,30.799999999999997,0,2,38.3372,S,0,38.3372,0.41248303934871106,0.08761576143640999,0.5148750864475655,0.5365567062922157,0,0,0,1
834,1,1,Miss,female,31.2,0,1,52.7108,S,0,52.7108,0.4179104477611941,0.11997290083430318,0.7098824787955441,1.152213052477288,1,0,0,1
835,0,3,Mr,male,42.2,1,0,9.1323,S,0,9.1323,0.5671641791044778,1.009794234276361,0.11865066161429616,-0.7143603934392659,0,0,0,1
836,0,2,Mr,male,32.1,1,1,13.0791,S,0,13.0791,0.43012211668928096,0.19277646447956262,0.17219710621544007,-0.5453093229264339,0,0,0,1
837,0,3,Miss,female,37.9,0,0,8.8429,S,0,8.8429,0.5088195386702851,0.661954985749011,0.11472435648924015,-0.7267561013054902,1,0,0,1
838,1,2,Mrs,female,39.8,0,0,3.5006,S,0,3.5006,0.5345997286295794,0.8156513978890026,0.04224508948997716,-0.9555798405374512,1,0,0,1
839,0,3,Mr,male,29.75,0,0,2.3669,S,0,2.3669,0.3982360922659431,0.0026782705169410845,0.026864121555367645,-1.004138976708627,0,0,0,1
840,0,3,Mr,male,13.5,0,0,6.9352,Q,0,6.9352,0.17774762550881956,-1.3118305175224623,0.08884248956778422,-0.8084675453151513,0,0,1,0
841,0,1,Dr,male,4.9,0,0,21.9787,S,0,21.9787,0.0610583446404342,-2.007509014577162,0.29293845069003727,-0.16411774819855282,0,0,0,1
842,0,3,Mr,male,29.75,0,0,8.7651,C,0,8.7651,0.3982360922659431,0.0026782705169410845,0.11366883976937367,-0.7300884650649658,0,1,0,0
843,0,1,Mr,male,25.8,0,0,112.3524,Q,1,74.094775,0.3446404341926731,-0.3168484810372523,1.0,2.0681408586923586,0,0,1,0
844,1,3,Mr,male,38.3,0,0,23.9132,S,0,23.9132,0.5142469470827681,0.6943121251469039,0.31918391463067597,-0.08125839482187454,0,0,0,1
845,1,1,Miss,female,13.7,2,0,111.8159,S,0,74.094775,0.18046132971506107,-1.2956519478235158,1.0,2.0681408586923586,1,0,0,1
846,0,2,Mr,male,43.1,0,0,16.1,S,0,16.1,0.5793758480325646,1.0825977979216204,0.2131818164859366,-0.41591680774648687,0,0,0,1
847,0,1,Mr,male,22.4,1,0,98.6356,S,0,74.094775,0.2985074626865672,-0.591884165919343,1.0,2.0681408586923586,0,0,0,1
848,0,3,Master,male,22.6,1,2,10.3686,S,0,10.3686,0.30122116689280876,-0.5757055962203963,0.1354236091820458,-0.6614066490197326,0,0,0,1
849,0,3,Mr,male,17.6,0,0,9.1232,S,0,9.1232,0.23337856173677077,-0.9801698386940589,0.11852720143240947,-0.714750168634783,0,0,0,1
850,0,3,Mrs,female,30.2,1,0,16.238,S,1,16.238,0.4043419267299865,0.03908005233957066,0.21505406979366887,-0.4100059311551292,1,0,0,1
851,1,1,Miss,female,33.0,0,0,50.2987,S,0,50.2987,0.4423337856173678,0.2655800281248218,0.6771573903637971,1.0488969262018237,1,0,0,1
852,1,3,Miss,female,54.5,0,1,2.339,S,0,2.339,0.7340569877883312,2.004776270761571,0.026485600777934815,-1.0053340017586192,1,0,0,1
853,1,1,Mr,male,28.8,0,5,48.5298,Q,0,48.5298,0.38534599728629587,-0.07416993555305475,0.6531586303924372,0.973130624734775,0,0,1,0
854,0,3,Mr,male,2.9,8,0,1.9336,S,0,1.9336,0.033921302578019,-2.1692947115666272,0.020985517510147305,-1.0226982725567093,0,0,0,1
855,1,1,Master,male,41.0,0,0,46.337,Q,0,46.337,0.5508819538670287,0.9127228160826819,0.6234087966736299,0.8792076523468815,0,0,1,0
856,1,1,Mr,male,6.1,0,2,84.4038,Q,0,74.094775,0.07734056987788332,-1.9104375963834828,1.0,2.0681408586923586,0,0,1,0
857,1,1,Mr,male,30.799999999999997,2,0,78.2276,S,0,74.094775,0.41248303934871106,0.08761576143640999,1.0,2.0681408586923586,0,0,0,1
858,0,3,Miss,female,26.2,0,0,10.6682,S,0,10.6682,0.3500678426051561,-0.2844913416393594,0.13948829824723852,-0.6485740502750168,1,0,0,1
859,0,3,Mr,male,31.5,1,0,9.1912,C,1,9.1912,0.4219810040705564,0.144240755382723,0.11944976103332103,-0.7118375627781721,0,1,0,0
860,0,1,Mr,male,30.799999999999997,1,0,80.0396,C,0,74.094775,0.41248303934871106,0.08761576143640999,1.0,2.0681408586923586,0,1,0,0
861,0,3,Mr,male,25.7,1,0,16.1501,S,1,16.1501,0.3432835820895523,-0.3249377658867257,0.2138615258389611,-0.4137709025491897,0,0,0,1
862,0,3,Master,male,40.1,4,0,7.5985,Q,0,7.5985,0.5386702849389418,0.8399192524374227,0.0978415157925584,-0.780056788481473,0,0,1,0
863,0,3,Mr,male,42.1,4,0,3.54,S,0,3.54,0.5658073270013569,1.0017049494268877,0.0427796313763877,-0.9538922424381794,0,0,0,1
864,1,2,Miss,female,47.8,0,2,247.52,S,1,74.094775,0.6431478968792402,1.4627941858468627,1.0,2.0681408586923586,1,0,0,1
865,0,2,Miss,female,57.4,1,0,6.2389,S,0,6.2389,0.7734056987788333,2.2393655313962952,0.07939575059550882,-0.8382917726380672,1,0,0,1
866,1,3,Mrs,female,41.4,0,1,4.8187,S,1,4.8187,0.5563093622795117,0.9450799554805748,0.060127821989411585,-0.8991224026021709,1,0,0,1
867,0,1,Mr,male,26.6,0,0,121.1747,S,0,74.094775,0.3554952510176392,-0.2521342022414662,1.0,2.0681408586923586,0,0,0,1
868,0,1,Col,male,42.2,0,0,80.3111,S,0,74.094775,0.5671641791044778,1.009794234276361,1.0,2.0681408586923586,0,0,0,1
869,0,3,Mr,male,36.5,0,0,27.3547,S,0,27.3547,0.4898236092265944,0.5487049978563856,0.3658749273738696,0.06614944422999332,0,0,0,1
870,0,3,Col,male,29.75,4,2,21.8251,S,0,21.8251,0.3982360922659431,0.0026782705169410845,0.29085455135621346,-0.17069681083936844,0,0,0,1
871,1,2,Mrs,female,30.65,1,1,16.1636,C,1,16.1636,0.4104477611940299,0.07548183416220024,0.21404468105384797,-0.4131926646217743,1,1,0,0
872,0,2,Mr,male,16.5,0,0,30.2334,C,1,30.2334,0.2184531886024424,-1.0691519720382647,0.4049304027142246,0.18945118657449764,0,1,0,0
873,0,3,Mr,male,14.8,0,1,3.92,S,0,3.92,0.19538670284938944,-1.20666981447931,0.047935111499128824,-0.9376159155924116,0,0,0,1
874,0,2,Mr,male,28.3,0,0,14.0297,S,0,14.0297,0.3785617367706921,-0.11461635980042101,0.18509394675406562,-0.5045928063485737,0,0,0,1
875,1,1,Mr,male,31.9,1,2,67.6526,S,0,67.6526,0.4274084124830394,0.17659789478061588,0.9125986706323164,1.7922067905406907,0,0,0,1
876,1,1,Miss,female,19.8,1,0,50.8467,S,0,50.8467,0.2632293080054275,-0.8022055720056475,0.684592135382908,1.0723691028109836,1,0,0,1
877,0,3,Master,male,35.8,0,2,19.1411,S,0,19.1411,0.480325644504749,0.49208000391007256,0.2544405812261156,-0.2856590772973701,0,0,0,1
878,0,3,Mr,male,59.9,0,0,13.6633,S,0,13.6633,0.8073270013568522,2.4415976526331264,0.1801229785515068,-0.5202866120230194,0,0,0,1
879,0,1,Mr,male,4.4,0,0,82.1599,C,0,74.094775,0.0542740841248304,-2.0479554388245282,1.0,2.0681408586923586,0,1,0,0
880,1,1,Mr,male,38.1,0,0,183.0469,Q,0,74.094775,0.5115332428765266,0.6781335554479577,1.0,2.0681408586923586,0,0,1,0
881,1,1,Miss,female,28.7,2,0,66.1029,S,1,66.1029,0.3839891451831751,-0.08225922040252812,0.8915738086686007,1.7258293597173056,1,0,0,1
882,0,3,Mrs,female,30.2,0,0,22.7197,C,1,22.7197,0.4043419267299865,0.03908005233957066,0.3029916369293824,-0.13237891084930567,1,1,0,0
883,1,1,Mrs,female,23.5,0,0,142.6294,S,0,74.094775,0.3134328358208956,-0.5029020325751371,1.0,2.0681408586923586,1,0,0,1
884,1,1,Miss,female,27.6,0,0,107.45,S,1,74.094775,0.36906377204884677,-0.17124135374673372,1.0,2.0681408586923586,1,0,0,1
885,0,3,Mr,male,29.75,0,0,28.9729,S,0,28.9729,0.3982360922659431,0.0026782705169410845,0.3878291324649741,0.13546089712952322,0,0,0,1
886,1,1,Mrs,female,25.3,4,0,73.6333,S,0,73.6333,0.33785617367706927,-0.35729490528461855,0.9937391442377844,2.0483747588735413,1,0,0,1
887,0,3,Mr,male,7.7,0,0,13.7964,S,0,13.7964,0.09905020352781548,-1.781009038791911,0.18192875329976166,-0.5145856143830938,0,0,0,1
888,0,1,Mr,male,26.3,0,2,38.4964,C,0,38.4964,0.35142469470827686,-0.27640205678988605,0.5170349612779349,0.543375630591811,0,1,0,0
889,1,1,Miss,female,9.2,0,0,47.5688,C,1,47.5688,0.11940298507462686,-1.6596697660498123,0.6401206925030839,0.9319686507906096,1,1,0,0
890,0,2,Mr,male,39.2,1,0,19.9493,C,0,19.9493,0.526458616010855,0.7671156887921636,0.2654054734240087,-0.2510419000427662,0,1,0,0
891,0,3,Mrs,female,30.2,0,0,8.3528,C,1,8.3528,0.4043419267299865,0.03908005233957066,0.10807514383619954,-0.7477482796926239,1,1,0,0
